Book Id,Title,Author,Author l-f,Additional Authors,ISBN,ISBN13,My Rating,Publisher,Binding,Number of Pages,Year Published,Original Publication Year,Date Read,Date Added,Bookshelves,Bookshelves with positions,Exclusive Shelf,My Review,Spoiler,Private Notes,Read Count,Owned Copies
238768670,Birds Up Close: An Engineer Explores Their Hidden Wonders,Lorna Gibson,"Gibson, Lorna",,"=""0262384256""","=""9780262384254""",0,The MIT Press,Kindle Edition,,2026,,,2026/05/06,to-read,to-read (#120),to-read,,,,0,0
213540411,The Mountain in the Sea,Ray Nayler,"Nayler, Ray",,"=""""","=""""",0,MCD,Kindle Edition,420,2024,2022,,2026/04/17,to-read,to-read (#119),to-read,,,,0,0
241471051,A World Appears: A Journey into Consciousness,Michael Pollan,"Pollan, Michael",,"=""198488199X""","=""9781984881991""",0,Penguin Press,Hardcover,320,2026,2026,,2026/04/15,to-read,to-read (#118),to-read,,,,0,0
32957,Caramelo,Sandra Cisneros,"Cisneros, Sandra",,"=""0679742581""","=""9780679742586""",0,Vintage,Paperback,441,2003,2002,,2026/03/04,to-read,to-read (#117),to-read,,,,0,0
223001257,The Correspondent,Virginia      Evans,"Evans, Virginia",,"=""0593798430""","=""9780593798430""",0,Crown Publishing,Hardcover,285,2025,2025,,2026/01/13,,,read,,,,1,0
60916166,"Unraveling: What I Learned About Life While Shearing Sheep, Dyeing Wool, and Making the World's Ugliest Sweater",Peggy Orenstein,"Orenstein, Peggy",,"=""0063081725""","=""9780063081727""",0,Harper,Hardcover,224,2023,2023,,2025/11/02,to-read,to-read (#116),to-read,,,,0,0
198276006,I Cheerfully Refuse,Leif Enger,"Enger, Leif",,"=""0802162932""","=""9780802162939""",0,Grove Press,Hardcover,336,2024,2024,,2025/11/02,to-read,to-read (#115),to-read,,,,0,0
18894140,Cape Horn to Starboard,John Kretschmer,"Kretschmer, John",,"=""""","=""""",0,Burford Books,Kindle Edition,161,2012,1986,,2024/04/22,,,read,,,,1,0
42343,Blind Man's Bluff: The Untold Story of American Submarine Espionage,Sherry Sontag,"Sontag, Sherry","Christopher Drew, Annette Lawrence Drew","=""006097771X""","=""9780060977719""",0,William Morrow Paperbacks,Paperback,432,2000,1998,,2023/11/24,,,read,,,,1,0
42392201,The Night Raven (Crow Investigations #1),Sarah Painter,"Painter, Sarah",,"=""""","=""""",0,Siskin Press Limited,Kindle Edition,246,2018,2018,,2024/01/12,,,read,,,,1,0
11100477,"Following Atticus: Forty-Eight High Peaks, One Little Dog, and an Extraordinary Friendship",Tom      Ryan,"Ryan, Tom",,"=""0061997102""","=""9780061997105""",0,William Morrow,Hardcover,276,2011,,,2024/04/07,,,read,,,,1,0
173754979,James,Percival Everett,"Everett, Percival",,"=""0385550367""","=""9780385550369""",0,Knopf Doubleday,Hardcover,303,2024,2024,,2024/07/27,,,read,,,,1,0
42203363,The Lager Queen of Minnesota,J. Ryan Stradal,"Stradal, J. Ryan",,"=""0399563059""","=""9780399563058""",0,Pamela Dorman Books,Hardcover,349,2019,2019,,2024/08/09,to-read,to-read (#114),to-read,,,,0,0
61884832,All the Sinners Bleed,S.A. Cosby,"Cosby, S.A.",,"=""1250831911""","=""9781250831910""",0,Flatiron Books,Hardcover,338,2023,2023,,2023/07/20,,,read,,,,1,0
50083554,"Follow the Angels, Follow the Doves (Bass Reeves Trilogy #1)",Sidney Thompson,"Thompson, Sidney",,"=""1496218752""","=""9781496218759""",0,Bison Books,Paperback,240,2020,2020,,2023/11/05,,,read,,,,1,0
65678550,The Heaven & Earth Grocery Store,James   McBride,"McBride, James",,"=""0593422945""","=""9780593422946""",0,Riverhead Books,Hardcover,400,2023,2023,,2023/12/05,,,read,,,,1,0
26722820,The Curious Charms of Arthur Pepper,Phaedra Patrick,"Patrick, Phaedra",,"=""0778319334""","=""9780778319337""",0,MIRA,Hardcover,331,2016,2016,,2024/01/12,,,read,,,,1,0
62328661,Rough Sleepers,Tracy Kidder,"Kidder, Tracy",,"=""1984801430""","=""9781984801432""",0,Random House,Kindle Edition,320,2023,2023,,2024/03/30,,,read,,,,1,0
62687857,The Covenant of Water,Abraham   Verghese,"Verghese, Abraham",,"=""""","=""""",0,Grove Press,Hardcover,724,2023,2023,,2023/05/27,,,read,,,,1,0
90590134,"The Coming Wave: Technology, Power, and the Twenty-first Century's Greatest Dilemma",Mustafa Suleyman,"Suleyman, Mustafa",Michael Bhaskar,"=""0593593952""","=""9780593593950""",0,Crown,Hardcover,332,2023,2023,,2023/10/20,,,read,,,,1,0
44436221,Interior Chinatown,Charles Yu,"Yu, Charles",,"=""""","=""""",0,Pantheon,Hardcover,288,2020,2020,,2024/01/12,,,read,,,,1,0
61151259,"Reading the Glass: A Captain's View of Weather, Water, and Life on Ships",Elliot Rappaport,"Rappaport, Elliot",,"=""0593185056""","=""9780593185056""",0,Dutton,Hardcover,336,2023,,,2024/04/22,to-read,to-read (#113),to-read,,,,0,0
77165,The Trees in My Forest,Bernd Heinrich,"Heinrich, Bernd",,"=""0060174463""","=""9780060174460""",0,Harpercollins,Hardcover,256,1997,1997,,2024/03/04,to-read,to-read (#112),to-read,,,,0,0
25897867,One Wild Bird At A Time: Portraits of Individual Lives,Bernd Heinrich,"Heinrich, Bernd",,"=""0544387635""","=""9780544387638""",0,Mariner Books,Hardcover,224,2016,2016,,2024/03/04,to-read,to-read (#111),to-read,,,,0,0
20643052,"Ink and Bone (The Great Library, #1)",Rachel Caine,"Caine, Rachel",,"=""069818081X""","=""9780698180819""",0,Berkley,Kindle Edition,362,2015,2015,,2024/01/12,to-read,to-read (#110),to-read,,,,0,0
60149532,"Killers of a Certain Age (Killers of a Certain Age, #1)",Deanna Raybourn,"Raybourn, Deanna",,"=""""","=""""",0,Berkley,Hardcover,368,2022,2022,,2023/09/16,,,read,,,,1,0
161121,My Own Country: A Doctor's Story,Abraham   Verghese,"Verghese, Abraham",,"=""0679752927""","=""9780679752929""",0,Vintage,Paperback,432,1995,1994,,2023/12/02,to-read,to-read (#109),to-read,,,,0,0
36152812,"American Hippo (River of Teeth, #1-2)",Sarah Gailey,"Gailey, Sarah",,"=""1250176425""","=""9781250176424""",0,Tor.com,Kindle Edition,301,2018,2018,,2023/11/11,to-read,to-read (#108),to-read,,,,0,0
542639,The Shock of the New,Robert Hughes,"Hughes, Robert",,"=""0500275823""","=""9780500275825""",0,Thames & Hudson,Paperback,448,1991,1980,,2023/10/29,to-read,to-read (#107),to-read,,,,0,0
60563720,America the Beautiful?: One Woman in a Borrowed Prius on the Road Most Traveled,Blythe Roberson,"Roberson, Blythe",,"=""0063115514""","=""9780063115514""",0,Harper Perennial,Paperback,304,2023,2023,,2023/09/16,to-read,to-read (#106),to-read,,,,0,0
122026350,Flatlands,Sue Hubbard,"Hubbard, Sue",,"=""1911590847""","=""9781911590842""",0,Pushkin Press,Paperback,272,2023,2023,,2023/09/16,to-read,to-read (#105),to-read,,,,0,0
18053732,Autopilot: The Art & Science of Doing Nothing,Andrew  Smart,"Smart, Andrew",,"=""1939293103""","=""9781939293107""",0,OR Books ,Paperback,148,2013,2013,,2020/07/22,to-read,to-read (#45),to-read,,,,0,0
61714633,"The Wager: A Tale of Shipwreck, Mutiny and Murder",David Grann,"Grann, David",,"=""0385534264""","=""9780385534260""",0,Doubleday,Hardcover,329,2023,2023,,2023/07/20,to-read,to-read (#104),to-read,,,,0,0
60784757,Birnam Wood,Eleanor Catton,"Catton, Eleanor",,"=""0374110336""","=""9780374110338""",0,"Farrar, Straus and Giroux",Hardcover,424,2023,2023,,2023/07/20,to-read,to-read (#103),to-read,,,,0,0
61812308,Small Mercies,Dennis Lehane,"Lehane, Dennis",,"=""0062129481""","=""9780062129482""",0,Harper,Hardcover,303,2023,2023,,2023/07/20,to-read,to-read (#102),to-read,,,,0,0
49556729,"Politics Is for Power: How to Move Beyond Political Hobbyism, Take Action, and Make Real Change",Eitan D. Hersh,"Hersh, Eitan D.",,"=""1982116781""","=""9781982116781""",0,Scribner,Hardcover,288,2020,2020,,2023/06/16,to-read,to-read (#101),to-read,,,,0,0
60460704,Lone Women,Victor LaValle,"LaValle, Victor",,"=""052551208X""","=""9780525512080""",0,One World,Hardcover,275,2023,2023,,2023/05/27,to-read,to-read (#100),to-read,,,,0,0
4119,"The Great Good Place: Cafés, Coffee Shops, Bookstores, Bars, Hair Salons and Other Hangouts at the Heart of a Community",Ray Oldenburg,"Oldenburg, Ray",,"=""1569246815""","=""9781569246818""",0,Da Capo Press,Paperback,384,1999,1989,,2023/04/22,to-read,to-read (#99),to-read,,,,0,0
60194162,Demon Copperhead,Barbara Kingsolver,"Kingsolver, Barbara",,"=""""","=""""",0,Harper,Hardcover,560,2022,2022,,2022/10/30,,,read,,,,1,0
60371805,Shrines of Gaiety,Kate Atkinson,"Atkinson, Kate",,"=""0385547978""","=""9780385547970""",0,Doubleday,Hardcover,439,2022,2022,,2022/10/09,,,read,,,,1,0
53121631,Underland: A Deep Time Journey,Robert Macfarlane,"Macfarlane, Robert",,"=""0393358097""","=""9780393358094""",0,W. W. Norton & Company,Paperback,496,2020,2019,,2021/06/18,,,read,,,,1,0
58350424,Disorientation,Elaine Hsieh Chou,"Chou, Elaine Hsieh",,"=""0593298357""","=""9780593298350""",0,Penguin Press,Hardcover,403,2022,2022,,2022/02/22,,,read,,,,1,0
57945316,Babel,R.F. Kuang,"Kuang, R.F.",,"=""0063021420""","=""9780063021426""",0,Harper Voyager,Hardcover,544,2022,2022,,2022/09/07,,,read,,,,1,0
85210,Killshot,Elmore Leonard,"Leonard, Elmore",,"=""0060512245""","=""9780060512248""",0,Mariner Books,Mass Market Paperback,334,2003,1989,,2023/03/01,to-read,to-read (#98),to-read,,,,0,0
19161905,The Getaway,Jim Thompson,"Thompson, Jim",Laura Lippman,"=""0316403970""","=""9780316403979""",0,"Little, Brown Paperbacks",Paperback,224,2014,1958,,2023/03/01,to-read,to-read (#97),to-read,,,,0,0
61812836,"Crook Manifesto (The Harlem Trilogy, #2)",Colson Whitehead,"Whitehead, Colson",,"=""0385545150""","=""9780385545150""",0,Doubleday,Hardcover,336,2023,2023,,2023/02/21,to-read,to-read (#96),to-read,,,,0,0
58999181,Shadowlands: A Journey Through Britain's Lost Cities and Vanished Villages,Matthew       Green,"Green, Matthew",,"=""0393635341""","=""9780393635348""",0,W. W. Norton & Company,Hardcover,368,2022,2022,,2023/01/12,to-read,to-read (#95),to-read,,,,0,0
331429,On Mexican Time: A New Life in San Miguel,Tony Cohan,"Cohan, Tony",,"=""0747553653""","=""9780747553656""",0,Bloomsbury Publishing PLC,Paperback,264,2001,1999,,2022/12/22,to-read,to-read (#94),to-read,,,,0,0
1011812,Mexican Days: Journeys into the Heart of Mexico,Tony Cohan,"Cohan, Tony",,"=""0767920910""","=""9780767920919""",0,Crown,Paperback,288,2007,2006,,2022/12/22,to-read,to-read (#93),to-read,,,,0,0
16277245,The Drunken Botanist: The Plants That Create the World's Great Drinks,Amy  Stewart,"Stewart, Amy",,"=""1616200464""","=""9781616200466""",0,Algonquin Books,Hardcover,362,2013,2013,,2022/12/10,to-read,to-read (#92),to-read,,,,0,0
37198,"Onions in the Stew (Betty MacDonald Memoirs, #4)",Betty MacDonald,"MacDonald, Betty",,"=""1888173300""","=""9781888173307""",0,Akadine Pr,Paperback,256,2000,1955,,2022/10/03,to-read,to-read (#91),to-read,,,,0,0
23770,"The Egg and I (Betty MacDonald Memoirs, #1)",Betty MacDonald,"MacDonald, Betty",,"=""0704102471""","=""9780704102477""",4.0,George Mann Books,Paperback,288,1992,1945,,2022/10/03,,,read,,,,1,0
368593,The 4-Hour Workweek,Timothy Ferriss,"Ferriss, Timothy",,"=""0307353133""","=""9780307353139""",0,Harmony,ebook,308,2007,2007,,2021/07/10,,,read,,,,1,0
36546651,"Codename Villanelle (Killing Eve, #1)",Luke Jennings,"Jennings, Luke",,"=""0316512524""","=""9780316512527""",0,Mulholland Books,Hardcover,220,2018,2014,,2021/08/30,,,read,,,,1,0
42771901,How to Do Nothing: Resisting the Attention Economy,Jenny Odell,"Odell, Jenny",,"=""1612197493""","=""9781612197494""",0,Melville House,Hardcover,232,2019,2019,,2022/02/12,,,read,,,,1,0
28789726,The Only Street in Paris: Life on the Rue des Martyrs,Elaine Sciolino,"Sciolino, Elaine",,"=""0393353400""","=""9780393353402""",0,W. W. Norton & Company,Paperback,320,2016,2015,,2022/06/01,,,read,,,,1,0
3265305,"Bruno, Chief of Police (Bruno, Chief of Police, #1)",Martin  Walker,"Walker, Martin",,"=""1847245072""","=""9781847245076""",4.0,"Quercus, London, UK",Hardcover,262,2008,2008,,2022/08/30,,,read,,,,1,0
58214333,The Swimmers,Julie Otsuka,"Otsuka, Julie",,"=""0593321332""","=""9780593321331""",0,Knopf,Hardcover,176,2022,2022,,2022/05/03,,,read,,,,1,0
93161,Protea Book: A Guide to Cultivated Proteaceae,Lewis Matthews,"Matthews, Lewis",,"=""0881925535""","=""9780881925531""",0,Timber Pr,Paperback,184,2002,2002,,2022/07/10,to-read,to-read (#90),to-read,,,,0,0
56769577,Fuzz: When Nature Breaks the Law,Mary Roach,"Roach, Mary",,"=""1324001933""","=""9781324001935""",0,W. W. Norton & Company,Hardcover,308,2021,2021,,2022/04/21,to-read,to-read (#89),to-read,,,,0,0
41830657,Islands of Abandonment: Life in the Post-Human Landscape,Cal Flyn,"Flyn, Cal",,"=""0008329761""","=""9780008329761""",0,William Collins,Hardcover,376,2021,2021,,2022/02/12,to-read,to-read (#88),to-read,,,,0,0
52460993,"Pacific Coasting: A Guide to the Ultimate Road Trip, from Southern California to the Pacific Northwest",Danielle Kroll,"Kroll, Danielle",,"=""1579658717""","=""9781579658717""",0,Artisan,Hardcover,224,2020,2021,,2022/02/12,to-read,to-read (#87),to-read,,,,0,0
43890641,Hamnet,Maggie O'Farrell,"O'Farrell, Maggie",,"=""1472223799""","=""9781472223791""",5.0,Tinder Press,Hardcover,372,2020,2020,,2021/04/04,,,read,,,,1,0
51542211,Owls of the Eastern Ice: A Quest to Find and Save the World's Largest Owl,Jonathan C. Slaght,"Slaght, Jonathan C.",,"=""0374228485""","=""9780374228484""",0,"Farrar, Straus and Giroux",Hardcover,368,2020,2020,,2021/04/12,,,read,,,,1,0
54860194,Owls of the Eastern Ice: A Quest to Find and Save the World's Largest Owl,Jonathan C. Slaght,"Slaght, Jonathan C.",,"=""125079871X""","=""9781250798718""",5.0,Picador,Paperback,368,2021,2020,,2021/05/11,,,read,,,,1,0
43923951,Such a Fun Age,Kiley Reid,"Reid, Kiley",,"=""052554190X""","=""9780525541905""",0,G.P. Putnam's Sons,Hardcover,310,2019,2019,,2021/06/19,,,read,,,,1,0
466435,The Gift of a Home,Beverley Nichols,"Nichols, Beverley",,"=""0396068553""","=""9780396068556""",0,"Dodd, Mead",Hardcover,395,1973,1972,,2021/10/17,to-read,to-read (#86),to-read,,,,0,0
3816543,"The Gift of a Garden, or Some Flowers Remembered",Beverley Nichols,"Nichols, Beverley",,"=""0491003587""","=""9780491003582""",0,W. H. Allen,Hardcover,344,1971,1971,,2021/10/17,to-read,to-read (#85),to-read,,,,0,0
466422,Beverley Nichols' Cats' X. Y. Z.,Beverley Nichols,"Nichols, Beverley","Juliet Clutton-Brock, Derrick Sayer","=""0881925942""","=""9780881925944""",0,Timber Pr,Hardcover,136,2003,2003,,2021/10/17,to-read,to-read (#84),to-read,,,,0,0
466421,Cats' A. B. C,Beverley Nichols,"Nichols, Beverley",Juliet Clutton-Brock,"=""0881925810""","=""9780881925814""",0,Timber Press,Hardcover,124,2003,2003,,2021/10/17,to-read,to-read (#83),to-read,,,,0,0
5347627,Rhapsody in Green: The Garden Wit and Wisdom of Beverley Nichols,Beverley Nichols,"Nichols, Beverley",Roy C. Dicks,"=""0881929484""","=""9780881929485""",0,Timber Pr,Hardcover,135,2009,2009,,2021/10/17,to-read,to-read (#82),to-read,,,,0,0
466431,Garden Open Tomorrow,Beverley Nichols,"Nichols, Beverley",,"=""0881925527""","=""9780881925524""",0,Timber Pr,Hardcover,284,2002,1968,,2021/10/17,to-read,to-read (#81),to-read,,,,0,0
466434,Down the Kitchen Sink,Beverley Nichols,"Nichols, Beverley",,"=""0491015518""","=""9780491015516""",0,Allen,Hardcover,201,1974,1974,,2021/10/17,to-read,to-read (#80),to-read,,,,0,0
675292,Garden Open Today,Beverley Nichols,"Nichols, Beverley",,"=""0881925330""","=""9780881925333""",0,Timber Pr,Hardcover,258,2002,1963,,2021/10/17,,,read,,,,1,0
466430,"Village in a Valley (Allways trilogy, #3)",Beverley Nichols,"Nichols, Beverley",Bryan Connon,"=""0881927295""","=""9780881927290""",0,Timber Pr,Hardcover,292,2005,1934,,2021/10/17,to-read,to-read (#79),to-read,,,,0,0
466426,"A Thatched Roof (Allways trilogy, #2)",Beverley Nichols,"Nichols, Beverley",Rex Whistler,"=""0881927287""","=""9780881927283""",0,Timber Pr,Hardcover,289,2005,1932,,2021/10/17,to-read,to-read (#78),to-read,,,,0,0
466420,Sunlight on the Lawn,Beverley Nichols,"Nichols, Beverley",Bryan Connon,"=""0881924679""","=""9780881924671""",5.0,Timber Pr,Hardcover,264,2007,1999,,2021/10/17,,,read,,,,1,0
466432,"Down the Garden Path (Allways trilogy, #1)",Beverley Nichols,"Nichols, Beverley",,"=""0881927104""","=""9780881927108""",5.0,Timber Pr,Hardcover,290,2004,1931,,2021/10/17,,,read,,,,1,0
102827,Merry Hall,Beverley Nichols,"Nichols, Beverley",William McLaren,"=""0881924172""","=""9780881924176""",5.0,Timber Press,Hardcover,320,2002,1951,,2021/10/17,,,read,,,,1,0
466419,Laughter on the Stairs,Beverley Nichols,"Nichols, Beverley",,"=""0881924601""","=""9780881924602""",0,Timber Pr,Hardcover,257,1998,1953,,2021/10/17,to-read,to-read (#77),to-read,,,,0,0
6091362,Led by the Nose: A Garden of Smells,Jenny Joseph,"Joseph, Jenny",,"=""0285636537""","=""9780285636538""",0,Souvenir Press,Hardcover,212,2004,2002,,2021/10/17,to-read,to-read (#76),to-read,,,,0,0
54493401,Project Hail Mary,Andy Weir,"Weir, Andy",,"=""0593135202""","=""9780593135204""",0,Ballantine Books,Hardcover,476,2021,2021,,2021/07/09,to-read,to-read (#75),to-read,,,,0,0
50403480,At Night All Blood is Black,David Diop,"Diop, David",Anna Moschovakis,"=""0374266972""","=""9780374266974""",0,"Farrar, Straus and Giroux",Hardcover,145,2020,2018,,2021/07/09,to-read,to-read (#74),to-read,,,,0,0
41009467,Unbroken Threads,Jennifer Klepper,"Klepper, Jennifer",,"=""""","=""""",0,"Red Adept Publishing, LLC",Kindle Edition,319,2018,2018,,2021/06/19,to-read,to-read (#73),to-read,,,,0,0
36191056,Sunsets and Olives: How NOT to retire early in Southern Spain!,John Austin Richards,"Richards, John Austin",,"=""""","=""""",0,,Kindle Edition,364,2017,,,2021/06/19,to-read,to-read (#72),to-read,,,,0,0
33871402,Sidewalks in the Jungle: What It's REALLY Like to Live and Retire in Costa Rica,Alfred Stites,"Stites, Alfred",,"=""""","=""""",0,Hatala Geroproducts,Kindle Edition,284,2016,,,2021/06/19,to-read,to-read (#71),to-read,,,,0,0
4069,Man's Search for Meaning,Viktor E. Frankl,"Frankl, Viktor E.","Ilse Lasch, William J. Winslade, Harold S. Kushner","=""080701429X""","=""9780807014295""",0,Beacon Press,Paperback,165,2006,1946,,2021/06/19,to-read,to-read (#70),to-read,,,,0,0
42306076,The Murmur of Bees,Sofía Segovia,"Segovia, Sofía",Simon Bruni,"=""1542090490""","=""9781542090490""",0,Amazon Crossing,ebook,471,2019,2015,,2021/06/18,to-read,to-read (#69),to-read,,,,0,0
40180098,The Overstory,Richard Powers,"Powers, Richard",,"=""039335668X""","=""9780393356687""",0,W.W. Norton & Company,Paperback,502,2019,2018,,2021/06/18,to-read,to-read (#68),to-read,,,,0,0
28256439,"The Hidden Life of Trees: What They Feel, How They Communicate: Discoveries from a Secret World",Peter Wohlleben,"Wohlleben, Peter","Tim Flannery, Jane Billinghurst, Suzanne Simard","=""1771642483""","=""9781771642484""",0,Greystone Books,Hardcover,272,2016,2015,,2021/06/18,to-read,to-read (#67),to-read,,,,0,0
78428,Your Money or Your Life,Joe Domínguez,"Domínguez, Joe",Vicki Robin,"=""0140286780""","=""9780140286786""",0,Penguin Books,Paperback,400,1999,1992,,2021/06/15,to-read,to-read (#66),to-read,,,,0,0
45894180,"Arguing with Zombies: Economics, Politics, and the Fight for a Better Future",Paul Krugman,"Krugman, Paul",,"=""1324005017""","=""9781324005018""",0,W. W. Norton & Company,Hardcover,464,2020,2020,,2021/05/07,to-read,to-read (#65),to-read,,,,0,0
49634542,The Enigma Game,Elizabeth Wein,"Wein, Elizabeth",,"=""1368012582""","=""9781368012584""",0,"LIttle, Brown Books for Young Readers",Hardcover,448,2020,2020,,2020/04/28,,,read,,,,1,0
54304067,Machinehood,S.B. Divya,"Divya, S.B.",,"=""1982148063""","=""9781982148065""",0,S&S/Saga Press,Hardcover,404,2021,2021,,2021/05/04,to-read,to-read (#64),to-read,,,,0,0
888823,The Birds of Heaven: Travels with Cranes,Peter Matthiessen,"Matthiessen, Peter",Robert Bateman,"=""0865476578""","=""9780865476578""",0,North Point Press,Paperback,368,2003,2001,,2021/04/12,to-read,to-read (#63),to-read,,,,0,0
1188127,The Goshawk,T.H. White,"White, T.H.",Marie Winn,"=""1590172493""","=""9781590172490""",0,NYRB,Paperback,215,2007,1951,,2021/04/12,to-read,to-read (#62),to-read,,,,0,0
28940,Behind the Scenes at the Museum,Kate Atkinson,"Atkinson, Kate",,"=""0312150601""","=""9780312150600""",0,Picador USA,Paperback,332,1997,1995,,2021/04/10,to-read,to-read (#61),to-read,,,,0,0
34626370,Five-Carat Soul,James   McBride,"McBride, James",,"=""073521669X""","=""9780735216693""",0,Riverhead Books,Hardcover,320,2017,2017,,2021/04/10,to-read,to-read (#60),to-read,,,,0,0
49127718,Anxious People,Fredrik Backman,"Backman, Fredrik",Neil   Smith,"=""198216963X""","=""9781982169633""",0,Atria Publishing,Hardcover,336,2019,2019,,2021/04/04,to-read,to-read (#59),to-read,,,,0,0
43398196,Tokyo Ueno Station,Yū Miri,"Miri, Yū",Morgan Giles,"=""1911284169""","=""9781911284161""",0,Tilted Axis Press ,Paperback,168,2019,2014,,2021/04/04,to-read,to-read (#58),to-read,,,,0,0
13153485,Bunch of Amateurs: A Search for the American Character,Jack Hitt,"Hitt, Jack",,"=""0307393755""","=""9780307393753""",0,Crown,Hardcover,288,2012,2012,,2021/04/03,to-read,to-read (#57),to-read,,,,0,0
315427,We Made a Garden (Modern Library Gardening),Margery Fish,"Fish, Margery","Michael Pollan, Graham Stuart Thomas","=""0375759476""","=""9780375759475""",0,Modern Library,Paperback,160,2002,1956,,2021/03/02,to-read,to-read (#56),to-read,,,,0,0
48637750,Vesper Flights,Helen Macdonald,"Macdonald, Helen",,"=""0802128815""","=""9780802128812""",0,Grove Press,Hardcover,304,2020,2020,,2020/07/29,,,read,,,,1,0
54120408,Klara and the Sun,Kazuo Ishiguro,"Ishiguro, Kazuo",,"=""059331817X""","=""9780593318171""",0,Alfred A. Knopf,Hardcover,303,2021,2021,,2021/03/02,to-read,to-read (#55),to-read,,,,0,0
50482979,Missionaries,Phil Klay,"Klay, Phil",,"=""1984880659""","=""9781984880659""",0,Penguin Press,Hardcover,416,2020,2020,,2020/12/17,to-read,to-read (#54),to-read,,,,0,0
45892255,Sharks in the Time of Saviors,Kawai Strong Washburn,"Washburn, Kawai Strong",,"=""0374272085""","=""9780374272081""",0,MCD,Hardcover,376,2020,2020,,2020/12/17,to-read,to-read (#53),to-read,,,,0,0
45895362,How Much of These Hills Is Gold,C Pam Zhang,"Zhang, C Pam",,"=""0525537201""","=""9780525537205""",0,Riverhead Books,Hardcover,288,2020,2020,,2020/12/17,to-read,to-read (#52),to-read,,,,0,0
48570454,Transcendent Kingdom,Yaa Gyasi,"Gyasi, Yaa",,"=""""","=""""",0,Knopf,Hardcover,264,2020,2020,,2020/11/28,to-read,to-read (#51),to-read,,,,0,0
18773666,A Spy Among Friends: Kim Philby and the Great Betrayal,Ben Macintyre,"Macintyre, Ben",John le Carré,"=""0804136637""","=""9780804136631""",0,Crown Publishers,Hardcover,368,2014,2014,,2020/10/10,to-read,to-read (#50),to-read,,,,0,0
26720949,The Death of Expertise: The Campaign Against Established Knowledge and Why It Matters,Thomas M. Nichols,"Nichols, Thomas M.",,"=""0190469412""","=""9780190469412""",0,"Oxford University Press, Inc.",Hardcover,272,2017,2017,,2020/09/23,to-read,to-read (#49),to-read,,,,0,0
324750,High Output Management,Andrew S. Grove,"Grove, Andrew S.",,"=""0679762884""","=""9780679762881""",0,Vintage,Paperback,272,1995,1983,,2020/09/21,to-read,to-read (#48),to-read,,,,0,0
256008,"Lonesome Dove (Lonesome Dove, #1)",Larry McMurtry,"McMurtry, Larry",,"=""067168390X""","=""9780671683900""",0,Pocket Books,Mass Market Paperback,960,1999,1985,,2020/08/18,to-read,to-read (#47),to-read,,,,0,0
44279110,My Year of Rest and Relaxation,Ottessa Moshfegh,"Moshfegh, Ottessa",,"=""0525522131""","=""9780525522133""",0,Penguin Books,Paperback,289,2019,2018,,2020/08/15,to-read,to-read (#46),to-read,,,,0,0
2508,Tono-Bungay,H.G. Wells,"Wells, H.G.","Edward Mendelson, Patrick Parrinder","=""""","=""""",0,Penguin Classics,Paperback,414,2005,1909,,2020/07/15,to-read,to-read (#44),to-read,,,,0,0
43848929,Talking to Strangers: What We Should Know About the People We Don't Know,Malcolm Gladwell,"Gladwell, Malcolm",,"=""0316478520""","=""9780316478526""",1.0,"Little, Brown and Company",Hardcover,388,2019,2019,,2020/07/05,,,read,,,,1,0
1550931,Seamanship: A Voyage Along the Wild Coasts of the British Isles,Adam Nicolson,"Nicolson, Adam",,"=""0060753420""","=""9780060753429""",0,Harper,Hardcover,192,2005,2004,,2019/01/01,,,read,,,,1,0
18764467,Mastering Running (The Masters Athlete),Cathy Utzschneider,"Utzschneider, Cathy",,"=""1450459722""","=""9781450459723""",0,Human Kinetics,Paperback,240,2014,2014,,2020/02/16,,,read,,,,1,0
11529868,The Orphan Master's Son,Adam  Johnson,"Johnson, Adam",,"=""0812992792""","=""9780812992793""",0,Random House,Hardcover,443,2012,2012,,2020/05/06,,,read,,,,1,0
49020956,"A Year at Brandywine Cottage: Six Seasons of Beauty, Bounty, and Blooms",David L. Culp,"Culp, David L.",Rob Cardillo,"=""""","=""""",0,Timber Press,Kindle Edition,296,2020,,,2020/06/19,to-read,to-read (#43),to-read,,,,0,0
52092879,Sex and Vanity,Kevin Kwan,"Kwan, Kevin",,"=""""","=""""",0,Doubleday,Hardcover,321,2020,2020,,2020/05/27,to-read,to-read (#42),to-read,,,,0,0
43256364,William Shakespeare's Get Thee Back to the Future!,Ian Doescher,"Doescher, Ian",,"=""168369094X""","=""9781683690948""",0,Quirk Books,Paperback,176,2019,2019,,2019/03/27,,,read,,,,1,0
18831,Success,Martin Amis,"Amis, Martin",,"=""0679734481""","=""9780679734482""",0,Vintage,Paperback,224,1991,1978,,2019/08/24,,,read,,,,1,0
9118135,State of Wonder,Ann Patchett,"Patchett, Ann",,"=""0062049801""","=""9780062049803""",0,HarperCollins Publishers,Hardcover,353,2011,2011,,2019/12/22,,,read,,,,1,0
51901147,"The Ballad of Songbirds and Snakes (The Hunger Games, #0)",Suzanne Collins,"Collins, Suzanne",,"=""""","=""""",0,Scholastic Press,Kindle Edition,541,2020,2020,,2020/05/19,,,read,,,,1,0
4682558,The Book of Night Women,Marlon James,"James, Marlon",,"=""1594488576""","=""9781594488573""",0,Riverhead Books,Hardcover,417,2009,2009,,2020/05/24,to-read,to-read (#41),to-read,,,,0,0
1704242,The Natural History of Selborne,Gilbert White,"White, Gilbert",Richard Mabey,"=""0140431128""","=""9780140431124""",0,Penguin Books,Paperback,320,1977,1788,,2020/02/16,,,read,,,,1,0
42403122,The Code: Silicon Valley and the Remaking of America,Margaret O'Mara,"O'Mara, Margaret",,"=""0399562192""","=""9780399562198""",0,Penguin Books,Kindle Edition,512,2019,2019,,2020/05/18,to-read,to-read (#40),to-read,,,,0,0
41880602,Fleishman Is in Trouble,Taffy Brodesser-Akner,"Brodesser-Akner, Taffy",,"=""0525510877""","=""9780525510871""",0,Random House,Hardcover,373,2019,2019,,2020/05/07,to-read,to-read (#39),to-read,,,,0,0
1713426,Predictably Irrational: The Hidden Forces That Shape Our Decisions,Dan Ariely,"Ariely, Dan",,"=""""","=""""",0,HarperCollins Canada ,Hardcover,247,2008,2008,,2020/04/27,,,read,,,,1,0
41795381,"Economics in Two Lessons: Why Markets Work So Well, and Why They Can Fail So Badly",John Quiggin,"Quiggin, John",,"=""0691154945""","=""9780691154947""",0,Princeton University Press,Hardcover,408,2019,,,2020/04/20,to-read,to-read (#38),to-read,,,,0,0
28116739,Other Minds,Peter Godfrey-Smith,"Godfrey-Smith, Peter",,"=""0374227764""","=""9780374227760""",0,"Farrar, Straus and Giroux",Hardcover,257,2016,2016,,2020/04/20,to-read,to-read (#37),to-read,,,,0,0
34890015,Factfulness: Ten Reasons We're Wrong About the World – and Why Things Are Better Than You Think,Hans Rosling,"Rosling, Hans","Ola Rosling, Anna Rosling Rönnlund","=""1473637465""","=""9781473637467""",0,Sceptre,Hardcover,342,2018,2018,,2020/04/20,to-read,to-read (#36),to-read,,,,0,0
39863515,An Anonymous Girl,Greer Hendricks,"Hendricks, Greer",Sarah Pekkanen,"=""1250133734""","=""9781250133731""",0,St. Martin's Press,Hardcover,375,2019,2019,,2019/12/24,,,read,,,,1,0
599106,Barcelona,Robert Hughes,"Hughes, Robert",,"=""0679743839""","=""9780679743835""",0,Knopf Doubleday Publishing Group,Paperback,592,1993,1992,,2020/01/28,,,read,,,,1,0
53122217,In Praise of Walking: A New Scientific Exploration,Shane O'Mara,"O'Mara, Shane",,"=""0393652084""","=""9780393652086""",0,W. W. Norton  Company,Hardcover,224,2020,2019,,2020/01/11,to-read,to-read (#30),to-read,,,,0,0
56627,Stumbling on Happiness,Daniel Todd Gilbert,"Gilbert, Daniel Todd",,"=""1400077427""","=""9781400077427""",0,Vintage,Paperback,263,2007,2006,,2020/01/13,,,read,,,,1,0
6563622,"The Shadow of the Wind (The Cemetery of Forgotten Books, #1)",Carlos Ruiz Zafón,"Zafón, Carlos Ruiz",Lucia Graves,"=""""","=""""",0,Penguin Group (USA),Kindle Edition,506,2007,2001,,2020/01/28,,,read,,,,1,0
551280,Last Night I Dreamed of Peace: The Diary of Dang Thuy Tram,Đặng Thùy Trâm,"Trâm, Đặng Thùy",Andrew X Pham,"=""0307347370""","=""9780307347374""",0,Crown,Hardcover,256,2007,2005,,2020/01/28,to-read,to-read (#35),to-read,,,,0,0
7893480,Destination Saigon,Walter Mason,"Mason, Walter",,"=""""","=""""",0,Allen and Unwin,Paperback,255,2010,2010,,2020/01/28,to-read,to-read (#34),to-read,,,,0,0
77103,The Glass Palace,Amitav Ghosh,"Ghosh, Amitav",,"=""0375758771""","=""9780375758775""",0,Random House Trade Paperbacks,Paperback,486,2002,2000,,2020/01/28,to-read,to-read (#33),to-read,,,,0,0
27796312,Expats in Spain,Mark Shearman,"Shearman, Mark",,"=""""","=""""",0,ShearArt,ebook,110,2015,,,2020/01/28,to-read,to-read (#32),to-read,,,,0,0
9655336,Pigeon English,Stephen Kelman,"Kelman, Stephen",,"=""0547500602""","=""9780547500607""",0,Houghton Mifflin Harcourt,Hardcover,263,2011,2011,,2020/01/18,,,read,,,,1,0
6475666,You're Fifty-Now What?: Investing for the Second Half of Your Life,Charles Schwab,"Schwab, Charles",,"=""0609605623""","=""9780609605622""",0,Crown,Hardcover,336,2000,2000,,2020/01/16,to-read,to-read (#31),to-read,,,,0,0
38359019,Family Trust,Kathy Wang,"Wang, Kathy",,"=""0062855255""","=""9780062855251""",2.0,Mariner Books,Hardcover,387,2018,2018,,2020/01/13,,,read,,,,1,0
10917934,Farfarers: A New History of North America,Farley Mowat,"Mowat, Farley",,"=""1616082372""","=""9781616082376""",2.0,Skyhorse Publishing,Paperback,384,2011,1998,,2020/01/13,,,read,,,,1,0
41716679,Searching for Sylvie Lee,Jean Kwok,"Kwok, Jean",,"=""0062834304""","=""9780062834300""",0,William Morrow,Hardcover,336,2019,2019,,2019/12/24,,,read,,,,1,0
38819868,"My Sister, the Serial Killer",Oyinkan Braithwaite,"Braithwaite, Oyinkan",,"=""0385544235""","=""9780385544238""",0,Doubleday,Hardcover,226,2018,2018,,2019/12/24,,,read,,,,1,0
40097951,The Silent Patient,Alex Michaelides,"Michaelides, Alex",,"=""1250301696""","=""9781250301697""",0,Celadon Books,Hardcover,336,2019,2019,,2019/12/24,,,read,,,,1,0
36692478,There There,Tommy Orange,"Orange, Tommy",,"=""""","=""""",0,Knopf,Hardcover,294,2018,2018,,2019/12/22,to-read,to-read (#29),to-read,,,,0,0
46266188,The Fifth Risk: Undoing Democracy,Michael   Lewis,"Lewis, Michael",,"=""0393357457""","=""9780393357455""",0,W. W. Norton & Company,Paperback,255,2019,2018,,2019/12/07,to-read,to-read (#28),to-read,,,,0,0
21086818,"Do No Harm: Stories of Life, Death and Brain Surgery",Henry Marsh,"Marsh, Henry",,"=""0297869876""","=""9780297869870""",0,Weidenfeld & Nicolson,Hardcover,278,2014,2014,,2019/11/27,to-read,to-read (#27),to-read,,,,0,0
20329476,Bodies of Light,Sarah Moss,"Moss, Sarah",,"=""184708916X""","=""9781847089168""",0,Granta Books,Hardcover,320,2014,2014,,2019/11/27,to-read,to-read (#26),to-read,,,,0,0
44600621,"Dear Girls: Intimate Tales, Untold Secrets, & Advice for Living Your Best Life",Ali Wong,"Wong, Ali",Justin Hakuta,"=""052550883X""","=""9780525508830""",0,Random House,Hardcover,240,2019,2019,,2019/11/06,,,read,,,,1,0
44839,Other People (Vintage International),Martin Amis,"Amis, Martin",,"=""0679735895""","=""9780679735892""",0,Vintage International,Paperback,224,1994,1981,,2019/08/24,,,read,,,,1,0
43582376,The Body: A Guide for Occupants,Bill  Bryson,"Bryson, Bill",,"=""0385539304""","=""9780385539302""",0,Doubleday Books,Hardcover,450,2019,2019,,2019/09/24,,,read,,,,1,0
34466963,Why We Sleep: Unlocking the Power of Sleep and Dreams,Matthew Walker,"Walker, Matthew",,"=""""","=""""",0,Scribner,Hardcover,368,2017,2017,,2019/10/02,,,read,,,,1,0
37946414,Transcription,Kate Atkinson,"Atkinson, Kate",,"=""031617663X""","=""9780316176637""",0,"Little, Brown and Company",Hardcover,343,2018,2018,,2018/08/28,,,read,,,,1,0
41155055,Transcription,Kate Atkinson,"Atkinson, Kate",,"=""0316176664""","=""9780316176668""",2.0,"Little, Brown Paperbacks",Paperback,342,2019,2018,,2019/03/23,,,read,,,,1,0
31122,I Capture the Castle,Dodie Smith,"Smith, Dodie",,"=""0312181108""","=""9780312181109""",0,St. Martin's Press,Hardcover,408,1998,1948,,2019/08/24,,,read,,,,1,0
259068,Shug,Jenny Han,"Han, Jenny",,"=""1416909427""","=""9781416909422""",1.0,Simon & Schuster Books for Young Readers,Hardcover,248,2006,2006,,2019/10/20,,,read,,,,1,0
38362809,"Rosewater (The Wormwood Trilogy, #1)",Tade Thompson,"Thompson, Tade",,"=""0316449059""","=""9780316449052""",0,Orbit,Paperback,432,2018,2017,,2018/09/05,,,read,,,,1,0
1121565,"No Picnic on Mount Kenya: A Daring Escape, A Perilous Climb",Felice Benuzzi,"Benuzzi, Felice",,"=""1558218769""","=""9781558218765""",0,Lyons Press,Paperback,248,1999,1947,,2018/12/22,,,read,,,,1,0
42086795,Machines like Me,Ian McEwan,"McEwan, Ian",,"=""1787331679""","=""9781787331679""",0,Random House,Paperback,306,2019,2019,,2019/04/11,,,read,,,,1,0
41555968,"Turning Darkness Into Light (The Memoirs of Lady Trent, #6)",Marie Brennan,"Brennan, Marie",,"=""0765377616""","=""9780765377616""",0,Tor Books,Hardcover,413,2019,2019,,2019/07/30,to-read,to-read (#25),to-read,,,,0,0
41826997,In Praise of Walking: The new science of how we walk and why it’s good for us,Shane O'Mara,"O'Mara, Shane",,"=""1847925014""","=""9781847925015""",0,Bodley Head,Hardcover,224,2019,2019,,2019/07/28,to-read,to-read (#24),to-read,,,,0,0
7767276,Bridge of Clay,Markus Zusak,"Zusak, Markus",,"=""0385614292""","=""9780385614290""",2.0,Doubleday,Hardcover,464,2018,2018,,2018/09/26,,,read,,,,1,0
9542311,Packing for Mars: The Curious Science of Life in the Void,Mary Roach,"Roach, Mary",,"=""0393339912""","=""9780393339918""",0,W. W. Norton & Company,Paperback,334,2011,2010,,2018/12/22,,,read,,,,1,0
16130,Alexander Hamilton,Ron Chernow,"Chernow, Ron",,"=""""","=""""",3.0,Penguin Books,Paperback,818,2005,2004,,2019/03/24,,,read,,,,1,0
39083611,"Winter War: Hoover, Roosevelt, and the First Clash Over the New Deal",Eric Rauchway,"Rauchway, Eric",,"=""0465094589""","=""9780465094585""",0,Basic Books,Hardcover,304,2018,,,2019/03/24,to-read,to-read (#23),to-read,,,,0,0
546725,The Song of the Dodo: Island Biogeography in an Age of Extinction,David Quammen,"Quammen, David",,"=""0684827123""","=""9780684827124""",0,Scribner,Paperback,702,1997,1996,,2018/09/30,,,read,,,,1,0
877734,Sea Room: An Island Life in the Hebrides,Adam Nicolson,"Nicolson, Adam",,"=""0865476365""","=""9780865476363""",4.0,North Point Press,Hardcover,391,2002,2001,,2019/01/01,,,read,,,,1,0
77036,Captain Horatio Hornblower: Beat to Quarters / Ship of the Line / Flying Colours,C.S. Forester,"Forester, C.S.",Newell Convers Wyeth,"=""0316288934""","=""9780316288934""",4.0,Little Brown & Co,Hardcover,504,1939,1937,,2018/12/22,,,read,,,,1,0
844051,Mutiny on the Bounty,Charles Bernard Nordhoff,"Nordhoff, Charles Bernard",James Norman Hall,"=""0316611689""","=""9780316611688""",3.0,"Little, Brown Paperbacks",Paperback,400,1989,1932,,2018/12/22,,,read,,,,1,0
254191,The Bounty Mutiny,William Bligh,"Bligh, William","Edward Christian, R.D. Madison","=""0140439161""","=""9780140439168""",3.0,Penguin Publishing Group,Paperback,254,2001,1790,,2018/12/22,,,read,,,,1,0
881902,Sailing Alone around the World,Joshua Slocum,"Slocum, Joshua",Thomas Philbrick,"=""0140437363""","=""9780140437362""",4.0,Penguin Classics,Paperback,273,1999,1899,,2018/12/22,,,read,,,,1,0
335397,Two Years Before the Mast: A Sailor's Life at Sea,Richard Henry Dana Jr.,"Jr., Richard Henry Dana",,"=""1402179626""","=""9781402179624""",5.0,Adamant Media Corporation,Paperback,292,2001,1840,,2018/12/22,,,read,,,,1,0
158446,Captain Blood,Rafael Sabatini,"Sabatini, Rafael",,"=""1406800163""","=""9781406800166""",4.0,Echo Library,Paperback,236,2006,1922,,2018/12/22,,,read,,,,1,0
34057,Captains Courageous,Rudyard Kipling,"Kipling, Rudyard",,"=""0543895882""","=""9780543895882""",5.0,Adamant Media Corporation,Paperback,161,2000,1897,,2018/12/22,,,read,,,,1,0
325128,"Kidnapped (David Balfour, #1)",Robert Louis Stevenson,"Stevenson, Robert Louis",Sid Hite,"=""0439295785""","=""9780439295789""",3.0,Scholastic Paperbacks,Paperback,288,2002,1886,,2018/12/22,to-read,to-read (#22),to-read,,,,1,0
30209263,Ivory: Power and Poaching in Africa,Keith Somerville,"Somerville, Keith",,"=""184904676X""","=""9781849046763""",2.0,Hurst,Hardcover,390,2017,,,2018/12/16,,,read,,,,1,0
442671,James Herriot's Yorkshire,James Herriot,"Herriot, James",,"=""0553204963""","=""9780553204964""",0,Bantam,Mass Market Paperback,300,1982,1979,,2017/10/08,,,read,,,,1,0
36373639,The Tangled Tree: A Radical New History of Life,David Quammen,"Quammen, David",,"=""1476776628""","=""9781476776620""",0,Simon & Schuster,Hardcover,480,2018,2018,,2018/09/02,,,read,,,,1,0
22856150,The Shepherd's Life: A People's History of the Lake District,James Rebanks,"Rebanks, James",,"=""0385682840""","=""9780385682848""",0,Doubleday Canada,Hardcover,320,2015,2015,,2018/10/17,,,read,,,,1,0
16126596,The People in the Trees,Hanya Yanagihara,"Yanagihara, Hanya",,"=""0385536771""","=""9780385536776""",0,Doubleday,Hardcover,369,2013,2013,,2018/10/07,,,read,,,,1,0
33928,Full House: The Spread of Excellence from Plato to Darwin,Stephen Jay Gould,"Gould, Stephen Jay",,"=""0609801406""","=""9780609801406""",0,Three Rivers Press,Paperback,244,1997,1996,,2018/10/20,to-read,to-read (#21),to-read,,,,0,0
79985,Monster of God: The Man-Eating Predator in the Jungles of History and the Mind,David Quammen,"Quammen, David",,"=""1844133230""","=""9781844133239""",0,W. W. Norton & Company Sep-17-2004,Paperback,528,2004,2003,,2018/09/30,to-read,to-read (#20),to-read,,,,0,0
39850485,"Greeks Bearing Gifts (Bernie Gunther, #13)",Philip Kerr,"Kerr, Philip",,"=""1784296554""","=""9781784296551""",0,Quercus,Paperback,496,2018,2018,,2018/09/26,to-read,to-read (#19),to-read,,,,0,0
90953,The Life and Times of Horatio Hornblower: A Biography of C.S. Forester's Famous Naval Hero,C. Northcote Parkinson,"Parkinson, C. Northcote",,"=""1590130650""","=""9781590130650""",0,McBooks Press,Paperback,368,2005,1970,,2018/09/26,,,read,,,,0,0
919231,"The World at Night (Night Soldiers, #4)",Alan Furst,"Furst, Alan",,"=""0375758585""","=""9780375758584""",4.0,Random House Publishing Group,Paperback,268,2002,1996,,2018/09/26,,,read,,,,1,0
11925514,"Code Name Verity (Code Name Verity, #1)",Elizabeth Wein,"Wein, Elizabeth",,"=""1405258217""","=""9781405258210""",5.0,Egmont Press,Paperback,448,2012,2012,,2018/09/26,,,read,,,,1,0
11908,The Adventures of Augie March,Saul Bellow,"Bellow, Saul",Christopher Hitchens,"=""0143039571""","=""9780143039570""",4.0,Penguin Classics,Paperback,586,2006,1953,,2018/09/26,,,read,,,,1,0
331319,An American Tragedy,Theodore Dreiser,"Dreiser, Theodore",Richard R. Lingeman,"=""0451527704""","=""9780451527707""",3.0,Signet Classics,Mass Market Paperback,859,2000,1925,,2018/09/26,,,read,,,,1,0
15622,Native Son,Richard Wright,"Wright, Richard",,"=""""","=""""",4.0,Harper Perennial Modern Classics,Paperback,504,2005,1940,,2018/09/26,,,read,,,,1,0
6149,Beloved,Toni Morrison,"Morrison, Toni",,"=""""","=""""",5.0,Vintage,Paperback,325,2004,1987,,2018/09/26,,,read,,,,1,0
292408,Angle of Repose,Wallace Stegner,"Stegner, Wallace",,"=""014016930X""","=""9780140169300""",4.0,Penguin,Paperback,569,1992,1971,,2018/09/26,,,read,,,,1,0
29939027,"Within the Sanctuary of Wings (The Memoirs of Lady Trent, #5)",Marie Brennan,"Brennan, Marie",,"=""0765377659""","=""9780765377654""",0,Tor Books,Hardcover,333,2017,2017,,2017/03/30,,,read,,,,1,0
2488783,Thousand Mile Song: Whale Music in a Sea of Sound,David Rothenberg,"Rothenberg, David",,"=""0465071287""","=""9780465071289""",0,Basic Books,Hardcover,304,2008,2008,,2017/12/17,,,read,,,,1,0
35657511,Warlight,Michael Ondaatje,"Ondaatje, Michael",,"=""1787330729""","=""9781787330726""",0,RANDOM HOUSE UK,Paperback,290,2018,2018,,2018/08/19,to-read,to-read (#18),to-read,,,,0,0
31423188,Startup,Doree  Shafrir,"Shafrir, Doree",,"=""0316360384""","=""9780316360388""",0,"Little, Brown and Company",Hardcover,304,2017,2017,,2017/03/30,,,read,,,,1,0
36382335,"Valley of Genius: The Uncensored History of Silicon Valley (As Told by the Hackers, Founders, and Freaks Who Made It Boom)",Adam  Fisher,"Fisher, Adam",,"=""1455559024""","=""9781455559022""",0,Twelve,Hardcover,512,2018,2018,,2018/08/04,to-read,to-read (#17),to-read,,,,0,0
22,Bill Bryson's African Diary,Bill  Bryson,"Bryson, Bill",,"=""0767915062""","=""9780767915069""",0,Crown,Hardcover,55,2002,2002,,2016/02/29,,,read,,,,1,0
34928122,Artemis,Andy Weir,"Weir, Andy",,"=""0553448129""","=""9780553448122""",0,Crown,Hardcover,305,2017,2017,,2017/10/26,,,read,,,,1,0
18952341,"The Grace of Kings (The Dandelion Dynasty, #1)",Ken Liu,"Liu, Ken",,"=""1481424270""","=""9781481424271""",0,Saga Press,Hardcover,640,2015,2015,,2016/10/06,,,read,,,,1,0
34467031,Manhattan Beach,Jennifer Egan,"Egan, Jennifer",,"=""1476716730""","=""9781476716732""",0,Scribner,Hardcover,438,2017,2017,,2017/10/26,,,read,,,,1,0
10600242,How to Be a Woman,Caitlin Moran,"Moran, Caitlin",,"=""0091940737""","=""9780091940737""",4.0,Ebury Press,Paperback,312,2011,2011,,2016/04/04,,,read,,,,1,0
38740,James Herriot's Cat Stories,James Herriot,"Herriot, James",Lesley Holmes,"=""1567315151""","=""9781567315158""",0,Mjf Books,Hardcover,161,2002,1994,,2017/10/08,to-read,to-read (#16),to-read,,,,0,0
824229,Seal Morning,Rowena Farre,"Farre, Rowena",,"=""0099225506""","=""9780099225508""",0,Alpha Book Dist,Mass Market Paperback,176,1988,1957,,2017/10/08,to-read,to-read (#15),to-read,,,,0,0
31146811,"Prussian Blue (Bernie Gunther, #12)",Philip Kerr,"Kerr, Philip",,"=""0399177051""","=""9780399177057""",0,Marian Wood Books/Putnam,Hardcover,528,2017,2017,,2017/03/30,to-read,to-read (#14),to-read,,,,0,0
30184217,Say Goodbye for Now,Catherine Ryan Hyde,"Hyde, Catherine Ryan",,"=""1503994449""","=""9781503994447""",0,Lake Union Publishing,Kindle Edition,366,2016,2016,,2016/11/25,to-read,to-read (#13),to-read,,,,0,0
6609764,"One Crazy Summer (Gaither Sisters, #1)",Rita Williams-Garcia,"Williams-Garcia, Rita",,"=""0060760885""","=""9780060760885""",0,Quill Tree Books,Hardcover,218,2010,2010,,2016/10/06,to-read,to-read (#12),to-read,,,,0,0
25422234,Notorious RBG: The Life and Times of Ruth Bader Ginsburg,Irin Carmon,"Carmon, Irin",Shana Knizhnik,"=""0062415832""","=""9780062415837""",0,Dey Street Books,Hardcover,227,2015,2015,,2016/10/06,to-read,to-read (#11),to-read,,,,0,0
6321234,The Nature of Technology: What It Is and How It Evolves,W. Brian Arthur,"Arthur, W. Brian",,"=""1416544054""","=""9781416544050""",0,Free Press,Hardcover,256,2009,2009,,2016/10/06,to-read,to-read (#10),to-read,,,,0,0
25733983,Lab Girl,Hope Jahren,"Jahren, Hope",,"=""1101874937""","=""9781101874936""",3.0,Knopf,Hardcover,290,2016,2016,,2016/04/08,,,read,,,,1,0
6483054,A Most Peculiar Malaysian Murder (Inspector Singh Investigates #1),Shamini Flint,"Flint, Shamini",,"=""0749929758""","=""9780749929756""",0,Piatkus,Paperback,295,2009,2009,,2016/04/04,to-read,to-read (#9),to-read,,,,0,0
341860,Mr. Midshipman Easy,Frederick Marryat,"Marryat, Frederick",,"=""1404353879""","=""9781404353879""",4.0,Indypublish.Com,Paperback,360,2003,1836,,2016/04/04,,,read,,,,1,0
126606,Death of a Red Heroine (Inspector Chen Cao #1),Qiu Xiaolong,"Xiaolong, Qiu",,"=""""","=""""",0,Soho Crime,Paperback,482,2003,2000,,2016/04/04,to-read,to-read (#8),to-read,,,,0,0
12974372,"A Natural History of Dragons (The Memoirs of Lady Trent, #1)",Marie Brennan,"Brennan, Marie",,"=""0765331969""","=""9780765331960""",4.0,Tor Books,Hardcover,334,2013,2013,,2016/04/04,,,read,,,,1,0
492866,A Nail Through the Heart (Poke Rafferty Mystery #1),Timothy Hallinan,"Hallinan, Timothy",,"=""0061255807""","=""9780061255809""",0,William Morrow,Hardcover,336,2007,2007,,2016/04/04,to-read,to-read (#7),to-read,,,,0,0
218275,A Sea of Words: A Lexicon and Companion to the Complete Seafaring Tales of Patrick O'Brian,Dean King,"King, Dean","John B. Hattendorf, J. Worth Estes","=""0805066152""","=""9780805066159""",3.0,Holt Paperbacks,Paperback,528,2000,1995,,2016/04/04,,,read,,,,1,0
1143092,"Richard Bolitho — Midshipman (Richard Bolitho, #1)",Alexander Kent,"Kent, Alexander",Douglas Reeman,"=""0099152002""","=""9780099152002""",1.0,Arrow,Paperback,159,1975,1976,,2016/04/04,,,read,,,,1,0
852721,Ramage (Lord Ramage #1),Dudley Pope,"Pope, Dudley",Alexander Kent,"=""0935526765""","=""9780935526769""",1.0,G21-McBooks Press,Paperback,320,2000,1964,,2016/04/04,,,read,,,,1,0
181195,"The King's Coat (Alan Lewrie, #1)",Dewey Lambdin,"Lambdin, Dewey",,"=""0449003604""","=""9780449003602""",1.0,Fawcett,Mass Market Paperback,384,1998,1989,,2016/04/04,,,read,,,,1,0
796366,"Kydd (Kydd Sea Adventures, #1)",Julian Stockwin,"Stockwin, Julian",,"=""""","=""""",1.0,Scribner,Hardcover,254,2008,2001,,2016/04/04,,,read,,,,1,0
1803387,"Under Enemy Colors (Charles Hayden, #1)",Sean Thomas Russell,"Russell, Sean Thomas",,"=""0399154434""","=""9780399154430""",1.0,G.P. Putnam's Sons,Hardcover,496,2007,2007,,2016/04/04,,,read,,,,1,0
93200,Harbors and High Seas: An Atlas and Geographical Guide to the Complete Aubrey-Maturin Novels of Patrick O'Brian,Dean King,"King, Dean",John B. Hattendorf,"=""0805066144""","=""9780805066142""",1.0,Holt Paperbacks,Paperback,288,2000,1996,,2016/04/04,,,read,,,,1,0
557307,"Sharpe's Eagle (Sharpe, #8)",Bernard Cornwell,"Cornwell, Bernard",,"=""0451212576""","=""9780451212573""",1.0,Berkley,Mass Market Paperback,270,2004,1981,,2016/04/04,,,read,,,,1,0
84730,"Beat to Quarters (Hornblower Saga: Chronological Order, # 6 )",C.S. Forester,"Forester, C.S.",,"=""0316289329""","=""9780316289320""",4.0,"Little, Brown Paperbacks",Paperback,324,1985,1937,,2016/04/04,,,read,,,,1,0
10260,The Pleasure of Finding Things Out: The Best Short Works of Richard P. Feynman,Richard P. Feynman,"Feynman, Richard P.","Jeffrey Robbins, Freeman Dyson","=""""","=""""",0,Basic Books,Paperback,270,2005,1999,,2016/04/04,to-read,to-read (#6),to-read,,,,0,0
15726395,Moranthology,Caitlin Moran,"Moran, Caitlin",,"=""0091940885""","=""9780091940881""",0,Ebury Press,Hardcover,368,2012,2012,,2016/04/04,to-read,to-read (#5),to-read,,,,0,0
1629601,The Disreputable History of Frankie Landau-Banks,E. Lockhart,"Lockhart, E.",,"=""0786838183""","=""9780786838189""",0,"Little, Brown Books for Young Readers",Hardcover,342,2008,2008,,2016/04/04,to-read,to-read (#4),to-read,,,,0,0
112077,"The Game of Kings (The Lymond Chronicles, #1)",Dorothy Dunnett,"Dunnett, Dorothy",,"=""0679777431""","=""9780679777434""",0,Vintage,Paperback,543,1997,1961,,2016/04/04,to-read,to-read (#3),to-read,,,,0,0
716534,"The Skull Mantra (Inspector Shan, #1)",Eliot Pattison,"Pattison, Eliot",,"=""0312978340""","=""9780312978341""",0,St. Martin's Paperbacks,Mass Market Paperback,428,2001,1999,,2016/04/04,to-read,to-read (#2),to-read,,,,0,0
19057,I Am the Messenger,Markus Zusak,"Zusak, Markus",,"=""""","=""""",0,Alfred A. Knopf Borzoi Books,Paperback,357,2006,2002,,2016/04/04,to-read,to-read (#1),to-read,,,,0,0
17262366,"One Summer: America, 1927",Bill  Bryson,"Bryson, Bill",,"=""0767919408""","=""9780767919401""",5.0,Doubleday,Hardcover,509,2013,2013,,2016/02/29,,,read,,,,1,0
10538,The Life and Times of the Thunderbolt Kid,Bill  Bryson,"Bryson, Bill",,"=""076791936X""","=""9780767919364""",4.0,Crown,Hardcover,288,2006,2006,,2016/02/29,,,read,,,,1,0
27,Neither Here nor There: Travels in Europe,Bill  Bryson,"Bryson, Bill",,"=""0380713802""","=""9780380713806""",4.0,William Morrow Paperbacks,Paperback,254,1993,1991,,2016/02/29,,,read,,,,1,0
25,I'm a Stranger Here Myself: Notes on Returning to America After Twenty Years Away,Bill  Bryson,"Bryson, Bill",,"=""076790382X""","=""9780767903820""",4.0,Broadway Books,Paperback,304,2000,1998,,2016/02/29,,,read,,,,1,0
24,In a Sunburned Country,Bill  Bryson,"Bryson, Bill",,"=""0767903862""","=""9780767903868""",5.0,Broadway Books,Paperback,335,2001,2000,,2016/02/29,,,read,,,,1,0
7507825,At Home: A Short History of Private Life,Bill  Bryson,"Bryson, Bill",,"=""0767919386""","=""9780767919388""",4.0,Doubleday,Hardcover,497,2010,2010,,2016/02/29,,,read,,,,1,0
28,Notes from a Small Island,Bill  Bryson,"Bryson, Bill",,"=""""","=""""",5.0,William Morrow Paperbacks,Paperback,324,1997,1995,,2016/02/29,,,read,,,,1,0
9791,A Walk in the Woods: Rediscovering America on the Appalachian Trail,Bill  Bryson,"Bryson, Bill",,"=""0307279464""","=""9780307279460""",5.0,Vintage,Mass Market Paperback,397,2006,1998,,2016/02/29,,,read,,,,1,0
21,A Short History of Nearly Everything,Bill  Bryson,"Bryson, Bill",,"=""076790818X""","=""9780767908184""",5.0,Crown,Paperback,544,2004,2003,,2016/02/29,,,read,,,,1,0
25111333,The Age of Reinvention,Karine Tuil,"Tuil, Karine",,"=""1476776342""","=""9781476776347""",1.0,Atria Books,Hardcover,399,2015,2013,,2016/02/29,,,read,,,,1,0
23453112,Modern Romance,Aziz Ansari,"Ansari, Aziz",Eric Klinenberg,"=""1594206279""","=""9781594206276""",3.0,Penguin Press,Hardcover,279,2015,2015,,2016/02/29,,,read,,,,1,0
149405,The Eagle of the Ninth,Rosemary Sutcliff,"Sutcliff, Rosemary",,"=""0192750453""","=""9780192750457""",3.0,Oxford University Press,Paperback,294,2000,1954,,2016/02/29,,,read,,,,1,0
236819,"March Violets (Bernie Gunther, #1)",Philip Kerr,"Kerr, Philip",,"=""0142004146""","=""9780142004142""",4.0,G.P. Putnam's Sons,Paperback,245,2004,,,2016/02/29,,,read,,,,1,0
12992430,"Grandad, There's A Head On The Beach (Jimm Juree, #2)",Colin Cotterill,"Cotterill, Colin",,"=""0857387081""","=""9780857387080""",4.0,Quercus,Hardcover,326,2012,2012,,2016/02/29,,,read,,,,1,0
17934616,The Axe Factor (Jimm Juree #3),Colin Cotterill,"Cotterill, Colin",,"=""1250043360""","=""9781250043368""",4.0,Minotaur Books,Hardcover,304,2014,2013,,2016/02/29,,,read,,,,1,0
243351,"Disco for the Departed (Dr. Siri Paiboun, #3)",Colin Cotterill,"Cotterill, Colin",,"=""0676978339""","=""9780676978339""",4.0,Knopf Canada,Hardcover,256,2006,2006,,2016/02/29,,,read,,,,1,0
10457171,"Killed at the Whim of a Hat (Jimm Juree, #1)",Colin Cotterill,"Cotterill, Colin",,"=""0312564538""","=""9780312564537""",4.0,Minotaur Books,Hardcover,384,2011,2011,,2016/02/29,,,read,,,,1,0
243350,"Thirty-Three Teeth (Dr. Siri Paiboun, #2)",Colin Cotterill,"Cotterill, Colin",,"=""156947429X""","=""9781569474297""",5.0,Soho Crime,Paperback,238,2006,2005,,2016/02/29,,,read,,,,1,0
243353,"The Coroner's Lunch (Dr. Siri Paiboun, #1)",Colin Cotterill,"Cotterill, Colin",,"=""1569474184""","=""9781569474181""",5.0,Soho Crime,Paperback,257,2015,2004,,2016/02/29,,,read,,,,1,0
9755,Oracle Bones: A Journey Between China's Past and Present,Peter Hessler,"Hessler, Peter",,"=""0060826584""","=""9780060826581""",4.0,HarperCollins,Hardcover,512,2006,2006,,2016/02/29,,,read,,,,1,0
18143977,All the Light We Cannot See,Anthony Doerr,"Doerr, Anthony",,"=""1476746583""","=""9781476746586""",3.0,Scribner,Hardcover,531,2014,2014,,2016/02/29,,,read,,,,1,0
13259960,The Smartest Kids in the World: And How They Got That Way,Amanda Ripley,"Ripley, Amanda",,"=""1451654421""","=""9781451654424""",4.0,Simon & Schuster,Hardcover,306,2013,2013,,2016/02/29,,,read,,,,1,0
664947,Requiem for a Wren,Nevil Shute,"Shute, Nevil",,"=""1842322869""","=""9781842322864""",4.0,House of Stratus Ltd,Paperback,296,2000,1955,,2016/02/29,,,read,,,,1,0
107300,Trustee from the Toolroom,Nevil Shute,"Shute, Nevil",,"=""1842323016""","=""9781842323014""",5.0,House of Stratus Ltd,Paperback,316,2001,1960,,2016/02/29,,,read,,,,1,0
107315,Pied Piper,Nevil Shute,"Shute, Nevil",,"=""0345017331""","=""9780345017338""",5.0,Ballantine Books,Mass Market Paperback,246,1969,1942,,2016/02/29,,,read,,,,1,0
38180,On the Beach,Nevil Shute,"Shute, Nevil",,"=""""","=""""",4.0,House of Stratus Ltd,Paperback,296,2002,1957,,2016/02/29,,,read,,,,1,0
957971,The Golden Ocean,Patrick O'Brian,"O'Brian, Patrick",,"=""0393315371""","=""9780393315370""",4.0,W. W. Norton & Company,Paperback,288,1996,1956,,2016/02/29,,,read,,,,1,0
24524,The Final Unfinished Voyage of Jack Aubrey (Aubrey & Maturin #21),Patrick O'Brian,"O'Brian, Patrick",Richard Snow,"=""039306025X""","=""9780393060256""",3.0,W. W. Norton & Company,Hardcover,144,2004,2004,,2016/02/29,,,read,,,,1,0
24526,"Blue at the Mizzen (Aubrey & Maturin, #20)",Patrick O'Brian,"O'Brian, Patrick",,"=""039332107X""","=""9780393321074""",5.0,W. W. Norton & Company,Paperback,261,2000,1999,,2016/02/29,,,read,,,,1,0
24521,"The Hundred Days (Aubrey & Maturin, #19)",Patrick O'Brian,"O'Brian, Patrick",,"=""0393319792""","=""9780393319798""",5.0,W. W. Norton & Company,Paperback,281,1999,1998,,2016/02/29,,,read,,,,1,0
938791,"The Wine-Dark Sea (Aubrey & Maturin, #16)",Patrick O'Brian,"O'Brian, Patrick",,"=""0393312445""","=""9780393312447""",5.0,W. W. Norton & Company,Paperback,338,1994,1993,,2016/02/29,,,read,,,,1,0
938874,"The Commodore (Aubrey & Maturin, #17)",Patrick O'Brian,"O'Brian, Patrick",,"=""0393314596""","=""9780393314595""",5.0,W. W. Norton & Company,Paperback,282,1996,1994,,2016/02/29,,,read,,,,1,0
93204,"The Yellow Admiral (Aubrey & Maturin, #18)",Patrick O'Brian,"O'Brian, Patrick",,"=""0393317048""","=""9780393317046""",5.0,W. W. Norton  Company,Paperback,262,1997,1996,,2016/02/29,,,read,,,,1,0
24525,"The Truelove (Aubrey & Maturin, #15)",Patrick O'Brian,"O'Brian, Patrick",,"=""0393310167""","=""9780393310160""",5.0,W. W. Norton & Company,Paperback,304,1993,1991,,2016/02/29,,,read,,,,1,0
761623,"The Thirteen-Gun Salute (Aubrey & Maturin, #13)",Patrick O'Brian,"O'Brian, Patrick",,"=""039330907X""","=""9780393309072""",5.0,Norton,Paperback,310,1999,1989,,2016/02/29,,,read,,,,1,0
835638,"The Nutmeg of Consolation  (Aubrey & Maturin, #14)",Patrick O'Brian,"O'Brian, Patrick",,"=""0393309061""","=""9780393309065""",5.0,W. W. Norton & Company,Paperback,372,1993,1991,,2016/02/29,,,read,,,,1,0
529830,"The Reverse of the Medal (Aubrey & Maturin, #11)",Patrick O'Brian,"O'Brian, Patrick",,"=""0393309606""","=""9780393309607""",5.0,W. W. Norton  Company,Paperback,287,1992,1986,,2016/02/29,,,read,,,,1,0
77429,"The Ionian Mission (Aubrey & Maturin, #8)",Patrick O'Brian,"O'Brian, Patrick",,"=""0393308219""","=""9780393308211""",5.0,W. W. Norton & Company,Paperback,400,1992,1981,,2016/02/29,,,read,,,,1,0
916914,"The Letter of Marque (Aubrey & Maturin, #12)",Patrick O'Brian,"O'Brian, Patrick",,"=""0393309053""","=""9780393309058""",5.0,W. W. Norton & Company,Paperback,336,1992,1988,,2016/02/29,,,read,,,,1,0
765093,"Treason's Harbour (Aubrey & Maturin, #9)",Patrick O'Brian,"O'Brian, Patrick",,"=""0393308634""","=""9780393308631""",5.0,W. W. Norton & Company,Paperback,368,1992,1983,,2016/02/29,,,read,,,,1,0
77433,"The Surgeon's Mate (Aubrey & Maturin, #7)",Patrick O'Brian,"O'Brian, Patrick",,"=""0393308200""","=""9780393308204""",5.0,W. W. Norton & Company,Paperback,382,1992,1980,,2016/02/29,,,read,,,,1,0
672492,"The Far Side of the World (Aubrey & Maturin, #10)",Patrick O'Brian,"O'Brian, Patrick",,"=""0393308626""","=""9780393308624""",5.0,W. W. Norton & Company,Paperback,366,1992,1984,,2016/02/29,,,read,,,,1,0
77426,"The Fortune of War (Aubrey & Maturin, #6)",Patrick O'Brian,"O'Brian, Patrick",,"=""0393308138""","=""9780393308136""",5.0,W. W. Norton & Company,Paperback,355,1991,1979,,2016/02/29,,,read,,,,1,0
77425,"Desolation Island (Aubrey & Maturin, #5)",Patrick O'Brian,"O'Brian, Patrick",,"=""""","=""""",5.0,W. W. Norton & Company,Paperback,350,1991,1978,,2016/02/29,,,read,,,,1,0
77431,"The Mauritius Command (Aubrey & Maturin, #4)",Patrick O'Brian,"O'Brian, Patrick",,"=""039330762X""","=""9780393307627""",5.0,W. W. Norton & Company,Paperback,348,1991,1977,,2016/02/29,,,read,,,,1,0
77427,H.M.S. Surprise (Aubrey & Maturin #3),Patrick O'Brian,"O'Brian, Patrick",,"=""0393307611""","=""9780393307610""",5.0,W.W. Norton,Paperback,379,1991,1973,,2016/02/29,,,read,,,,1,0
77432,Post Captain (Aubrey & Maturin #2),Patrick O'Brian,"O'Brian, Patrick",,"=""0393307069""","=""9780393307061""",5.0,W. W. Norton & Company,Paperback,496,1990,1972,,2016/02/29,,,read,,,,1,0
77430,"Master & Commander (Aubrey & Maturin, #1)",Patrick O'Brian,"O'Brian, Patrick",,"=""0393307050""","=""9780393307054""",5.0,W. W. Norton & Company,Paperback,464,1990,1969,,2016/02/29,,,read,,,,1,0
18050143,"Zero to One: Notes on Startups, or How to Build the Future",Peter Thiel,"Thiel, Peter",Blake  Masters,"=""0804139296""","=""9780804139298""",3.0,Crown Currency,Hardcover,195,2014,2014,,2016/02/29,,,read,,,,1,0
20404555,"League of Dragons (Temeraire, #9)",Naomi Novik,"Novik, Naomi",,"=""0345522923""","=""9780345522924""",4.0,Del Rey,Hardcover,380,2016,2016,,2016/02/29,,,read,,,,1,0
16156292,"Blood of Tyrants (Temeraire, #8)",Naomi Novik,"Novik, Naomi",,"=""0345522893""","=""9780345522894""",4.0,Del Rey,Hardcover,448,2013,2013,,2016/02/29,,,read,,,,1,0
12069434,"Crucible of Gold (Temeraire, #7)",Naomi Novik,"Novik, Naomi",,"=""0345522869""","=""9780345522863""",4.0,Random House,Hardcover,325,2012,2012,,2016/02/29,,,read,,,,1,0
7038489,"Tongues of Serpents (Temeraire, #6)",Naomi Novik,"Novik, Naomi",,"=""0345496892""","=""9780345496898""",4.0,Del Rey,Hardcover,274,2010,2010,,2016/02/29,,,read,,,,1,0
891593,"Victory of Eagles (Temeraire, #5)",Naomi Novik,"Novik, Naomi",,"=""0007256752""","=""9780007256754""",4.0,,Paperback,352,2008,2008,,2016/02/29,,,read,,,,1,0
129510,"Empire of Ivory (Temeraire, #4)",Naomi Novik,"Novik, Naomi",,"=""0345496876""","=""9780345496874""",4.0,Del Rey,Mass Market Paperback,416,2007,2007,,2016/02/29,,,read,,,,1,0
91989,"Black Powder War (Temeraire, #3)",Naomi Novik,"Novik, Naomi",,"=""0345481305""","=""9780345481306""",4.0,Del Rey,Mass Market Paperback,365,2006,2006,,2016/02/29,,,read,,,,1,0
14069,"Throne of Jade (Temeraire, #2)",Naomi Novik,"Novik, Naomi",,"=""0345481291""","=""9780345481290""",4.0,Del Rey,Mass Market Paperback,398,2006,2006,,2016/02/29,,,read,,,,1,0
28876,"His Majesty's Dragon (Temeraire, #1)",Naomi Novik,"Novik, Naomi",,"=""0345481283""","=""9780345481283""",5.0,Random House Inc,Mass Market Paperback,356,2006,2006,,2016/02/29,,,read,,,,1,0
18007564,The Martian,Andy Weir,"Weir, Andy",,"=""0804139024""","=""9780804139021""",5.0,Crown Publishers,Hardcover,369,2014,2011,,2016/02/29,,,read,,,,1,0
706011,"Bangkok 8 (Sonchai Jitpleecheep, #1)",John Burdett,"Burdett, John",,"=""1400032903""","=""9781400032907""",5.0,Knopf Doubleday Publishing Group,Paperback,317,2004,2003,,2016/02/29,,,read,,,,1,0
10121431,"Vulture Peak (Sonchai Jitpleecheep, #5)",John Burdett,"Burdett, John",,"=""0307272672""","=""9780307272676""",4.0,Knopf,Hardcover,285,2012,2011,,2016/02/29,,,read,,,,1,0
226963,"Bangkok Haunts (Sonchai Jitpleecheep, #3)",John Burdett,"Burdett, John",,"=""0307263185""","=""9780307263186""",4.0,Alfred A. Knopf,Hardcover,305,2007,2007,,2016/02/29,,,read,,,,1,0
54681,"Bangkok Tattoo (Sonchai Jitpleecheep, #2)",John Burdett,"Burdett, John",,"=""1400032911""","=""9781400032914""",4.0,Knopf Doubleday Publishing Group,Paperback,320,2006,2005,,2016/02/29,,,read,,,,1,0
329736,"Missee Lee (Swallows and Amazons, #10)",Arthur Ransome,"Ransome, Arthur",,"=""1567921965""","=""9781567921960""",4.0,"David R. Godine, Publisher",Paperback,349,2001,1941,,2016/02/29,,,read,,,,1,0
384749,"Great Northern? A Scottish Adventure of Swallows & Amazons (Swallows & Amazons, #12)",Arthur Ransome,"Ransome, Arthur",,"=""1567922597""","=""9781567922592""",3.0,"David R. Godine, Publisher",Paperback,352,2003,1947,,2016/02/29,,,read,,,,1,0
329735,"The Big Six (Swallows and Amazons, #9)",Arthur Ransome,"Ransome, Arthur",,"=""1567921191""","=""9781567921199""",4.0,"David R. Godine, Publisher",Paperback,367,2000,1940,,2016/02/29,,,read,,,,1,0
227696,"Peter Duck: A Treasure Hunt in the Caribbees (Swallows and Amazons, #3)",Arthur Ransome,"Ransome, Arthur",,"=""0879236604""","=""9780879236601""",4.0,"David R. Godine, Publisher",Paperback,414,1994,1932,,2016/02/29,,,read,,,,1,0
979767,"Coot Club (Swallows and Amazons, #5)",Arthur Ransome,"Ransome, Arthur",,"=""0879237872""","=""9780879237875""",5.0,"David R. Godine, Publisher",Paperback,352,1990,1934,,2016/02/29,,,read,,,,1,0
439471,"Secret Water (Swallows and Amazons, #8)",Arthur Ransome,"Ransome, Arthur",,"=""1567920640""","=""9781567920642""",5.0,"David R. Godine, Publisher",Paperback,376,1996,1939,,2016/02/29,,,read,,,,1,0
979766,"We Didn't Mean to Go to Sea (Swallows and Amazons, #7)",Arthur Ransome,"Ransome, Arthur",,"=""0879239913""","=""9780879239916""",4.0,"David R. Godine, Publisher",Paperback,352,1994,1937,,2016/02/29,,,read,,,,1,0
979768,"Winter Holiday (Swallows and Amazons, #4)",Arthur Ransome,"Ransome, Arthur",,"=""0879236612""","=""9780879236618""",5.0,"David R. Godine, Publisher",Paperback,350,1989,1933,,2016/02/29,,,read,,,,1,0
207331,"Pigeon Post (Swallows and Amazons, #6)",Arthur Ransome,"Ransome, Arthur",,"=""087923864X""","=""9780879238643""",4.0,"David R. Godine, Publisher",Paperback,382,1992,1936,,2016/02/29,,,read,,,,1,0
979765,"Swallowdale (Swallows and Amazons, #2)",Arthur Ransome,"Ransome, Arthur",,"=""0879235721""","=""9780879235727""",4.0,David R. Godine Publisher,Paperback,448,1986,1931,,2016/02/29,,,read,,,,1,0
125190,"Swallows and Amazons (Swallows and Amazons, #1)",Arthur Ransome,"Ransome, Arthur",,"=""087923573X""","=""9780879235734""",5.0,"David R. Godine, Publisher",Paperback,315,2010,1930,,2016/02/29,,,read,,,,1,0
7244,The Poisonwood Bible,Barbara Kingsolver,"Kingsolver, Barbara",,"=""0060786507""","=""9780060786502""",5.0,Harper Perennial Modern Classics,Paperback,546,1998,1998,,2016/02/29,,,read,,,,1,0
13507212,"Bring Up the Bodies (Thomas Cromwell, #2)",Hilary Mantel,"Mantel, Hilary",,"=""""","=""""",3.0,"Henry Holt & Company, Inc.",Hardcover,412,2012,2012,,2016/02/29,,,read,,,,1,0
6101138,"Wolf Hall (Thomas Cromwell, #1)",Hilary Mantel,"Mantel, Hilary",,"=""""","=""""",4.0,HarperCollins Publishers Ltd,Paperback,653,2010,2009,,2016/02/29,,,read,,,,1,0
12208336,Macbeth,A.J. Hartley,"Hartley, A.J.","David Hewson, Alan Cumming","=""""","=""""",4.0,Audible Inc,Audible Audio,329,2011,2011,,2016/02/29,,,read,,,,1,0
18302455,"The Circle (The Circle, #1)",Dave Eggers,"Eggers, Dave",,"=""""","=""""",3.0,Knopf,Hardcover,493,2013,2013,,2016/02/29,,,read,,,,1,0
16071764,"Lean In: Women, Work, and the Will to Lead",Sheryl Sandberg,"Sandberg, Sheryl",,"=""0385349947""","=""9780385349949""",3.0,Knopf,Hardcover,217,2013,,,2016/02/29,,,read,,,,1,0
19063,The Book Thief,Markus Zusak,"Zusak, Markus",,"=""""","=""""",5.0,Alfred A. Knopf,Kindle Edition,592,2006,2005,,2016/02/29,,,read,,,,1,0
435897,"Dark Star (Night Soldiers, #2)",Alan Furst,"Furst, Alan",,"=""0375759999""","=""9780375759994""",4.0,Random House Publishing Group,Paperback,446,2002,1991,,2016/02/29,,,read,,,,1,0
627614,"Night Soldiers (Night Soldiers, #1)",Alan Furst,"Furst, Alan",,"=""0375760008""","=""9780375760006""",5.0,Random House Trade Paperbacks,Paperback,456,2002,1988,,2016/02/29,,,read,,,,1,0
29,The Mother Tongue: English and How It Got That Way,Bill  Bryson,"Bryson, Bill",,"=""0380715430""","=""9780380715435""",4.0,William Morrow Paperbacks,Paperback,270,1991,1990,,2016/02/29,,,read,,,,1,0
18283019,"William Shakespeare's The Jedi Doth Return (William Shakespeare's Star Wars, #6)",Ian Doescher,"Doescher, Ian",,"=""159474713X""","=""9781594747137""",5.0,Alliance Entertainment,Hardcover,165,2014,2014,,2016/02/29,,,read,,,,1,0
