Title,Authors,Contributors,ISBN/UID,Format,Read Status,Date Added,Last Date Read,Dates Read,Read Count,Moods,Pace,Character- or Plot-Driven?,Strong Character Development?,Loveable Characters?,Diverse Characters?,Flawed Characters?,Star Rating,Review,Content Warnings,Content Warning Description,Tags,Owned?
Full House: The Spread of Excellence from Plato to Darwin,Stephen Jay Gould,,9780609801406,paperback,to-read,2018/10/20,,,0,,,,,,,,,,,,,No
Bodies of Light,Sarah Moss,,9781847089168,hardcover,to-read,2019/11/27,,,0,,,,,,,,,,,,,No
Tono-Bungay,H.G. Wells,"Patrick Parrinder, Edward Mendelson",,,to-read,2020/07/15,,,0,,,,,,,,,,,,,No
Flatlands,Sue Hubbard,,9781911590842,paperback,to-read,2023/09/16,,,0,,,,,,,,,,,,,No
Notorious RBG: The Life and Times of Ruth Bader Ginsburg,"Irin Carmon, Shana Knizhnik",,9780062415837,hardcover,to-read,2016/10/06,,,0,,,,,,,,,,,,,No
Garden Open Tomorrow,Beverley Nichols,,9780881925524,hardcover,to-read,2021/10/17,,,0,,,,,,,,,,,,,No
The Skull Mantra,Eliot Pattison,,9780312978341,paperback,to-read,2016/04/04,,,0,,,,,,,,,,,,,No
A Nail Through the Heart,Timothy Hallinan,,9780061255809,hardcover,to-read,2016/04/04,,,0,,,,,,,,,,,,,No
Killshot,Elmore Leonard,,9780060512248,paperback,to-read,2023/03/01,,,0,,,,,,,,,,,,,No
Autopilot: The Art & Science of Doing Nothing,Andrew Smart,,9781939293107,paperback,to-read,2020/07/22,,,0,,,,,,,,,,,,,No
Destination Saigon,Walter Mason,,,,to-read,2020/01/28,,,0,,,,,,,,,,,,,No
In Praise of Walking: The new science of how we walk and why it's good for us,Shane O'Mara,,9781847925015,hardcover,to-read,2019/07/28,,,0,,,,,,,,,,,,,No
The Overstory,Richard Powers,,9780393356687,paperback,to-read,2021/06/18,,,0,,,,,,,,,,,,,No
The Gift of a Home,Beverley Nichols,,9780396068556,hardcover,to-read,2021/10/17,,,0,,,,,,,,,,,,,No
Five-Carat Soul,James McBride,,9780735216693,hardcover,to-read,2021/04/10,,,0,,,,,,,,,,,,,No
American Hippo,Sarah Gailey,,9781250176424,digital,to-read,2023/11/11,,,0,,,,,,,,,,,,,No
Fuzz: When Nature Breaks the Law,Mary Roach,,9781324001935,hardcover,to-read,2022/04/21,,,0,,,,,,,,,,,,,No
The Death of Expertise: The Campaign Against Established Knowledge and Why It Matters,Tom Nichols,,9780190469412,hardcover,to-read,2020/09/23,,,0,,,,,,,,,,,,,No
Ink and Bone,Rachel Caine,,9780698180819,digital,to-read,2024/01/12,,,0,,,,,,,,,,,,,No
Prussian Blue,Philip Kerr,,9780399177057,hardcover,to-read,2017/03/30,,,0,,,,,,,,,,,,,No
Sunsets and Olives: How NOT to retire early in Southern Spain!,"John Austin Richards, John Austin Richards",,,,to-read,2021/06/19,,,0,,,,,,,,,,,,,No
"Other Minds: The Octopus, the Sea, and the Deep Origins of Consciousness",Peter Godfrey-Smith,,9780374227760,hardcover,to-read,2020/04/20,,,0,,,,,,,,,,,,,No
America the Beautiful?: One Woman in a Borrowed Prius on the Road Most Traveled,Blythe Roberson,,9780063115514,paperback,to-read,2023/09/16,,,0,,,,,,,,,,,,,No
The Murmur of Bees,Sofía Segovia,Simon Bruni,9781542090490,digital,to-read,2021/06/18,,,0,,,,,,,,,,,,,No
My Year of Rest and Relaxation,Ottessa Moshfegh,,9780525522133,paperback,to-read,2020/08/15,,,0,,,,,,,,,,,,,No
Machinehood,S.B. Divya,,9781982148065,hardcover,to-read,2021/05/04,,,0,,,,,,,,,,,,,No
"Winter War: Hoover, Roosevelt, and the First Clash Over the New Deal",Eric Rauchway,,9780465094585,hardcover,to-read,2019/03/24,,,0,,,,,,,,,,,,,No
Sex and Vanity,Kevin Kwan,,9781786332271,hardcover,to-read,2020/05/27,,,0,,,,,,,,,,,,,No
High Output Management,Andrew S. Grove,,9780679762881,paperback,to-read,2020/09/21,,,0,,,,,,,,,,,,,No
James Herriot's Cat Stories,James Herriot,Lesley Holmes (Illustrator),9781567315158,hardcover,to-read,2017/10/08,,,0,,,,,,,,,,,,,No
The Fifth Risk,Michael Lewis,,9780393357455,paperback,to-read,2019/12/07,,,0,,,,,,,,,,,,,No
"The Wager: A Tale of Shipwreck, Mutiny, and Murder",David Grann,,9780385534260,hardcover,to-read,2023/07/20,,,0,,,,,,,,,,,,,No
Say Goodbye for Now,Catherine Ryan Hyde,,9781503994447,digital,to-read,2016/11/25,,,0,,,,,,,,,,,,,No
In Praise of Walking: A New Scientific Exploration,Shane O'Mara,,9780393652086,hardcover,to-read,2020/01/11,,,0,,,,,,,,,,,,,No
A Most Peculiar Malaysian Murder,Shamini Flint,,9780749929756,paperback,to-read,2016/04/04,,,0,,,,,,,,,,,,,No
A Spy Among Friends: Kim Philby and the Great Betrayal,Ben Macintyre,John le Carré (Contributor),9780804136631,hardcover,to-read,2020/10/10,,,0,,,,,,,,,,,,,No
"Valley of Genius: The Uncensored History of Silicon Valley (as Told by the Hackers, Founders, and Freaks Who Made It Boom)",Adam Fisher,,9781455559022,hardcover,to-read,2018/08/04,,,0,,,,,,,,,,,,,No
The Great Good Place,Ray Oldenburg,,9781569246818,paperback,to-read,2023/04/22,,,0,,,,,,,,,,,,,No
Beverley Nichols' Cats' X. Y. Z.,Beverley Nichols,"Derrick Sayer, Juliet Clutton-Brock",9780881925944,hardcover,to-read,2021/10/17,,,0,,,,,,,,,,,,,No
"The Gift of a Garden, or Some Flowers Remembered",Beverley Nichols,,9780491003582,hardcover,to-read,2021/10/17,,,0,,,,,,,,,,,,,No
Protea Book: A Guide to Cultivated Proteaceae,Lewis Matthews,,9780881925531,paperback,to-read,2022/07/10,,,0,,,,,,,,,,,,,No
Your Money or Your Life,"Joe Dominguez, Vicki Robin",,9780140286786,paperback,to-read,2021/06/15,,,0,,,,,,,,,,,,,No
"Reading the Glass: A Captain's View of Weather, Water, and Life on Ships",Elliot Rappaport,,9780593185056,hardcover,to-read,2024/04/22,,,0,,,,,,,,,,,,,No
Mexican Days: Journeys Into the Heart of Mexico,Tony Cohan,,9780767920919,paperback,to-read,2022/12/22,,,0,,,,,,,,,,,,,No
Shadowlands: A Journey Through Britain's Lost Cities and Vanished Villages,Matthew Green,,9780393635348,hardcover,to-read,2023/01/12,,,0,,,,,,,,,,,,,No
Cats' A. B. C,"Juliet Clutton-Brock, Beverley Nichols",,,,to-read,2021/10/17,,,0,,,,,,,,,,,,,No
Transcendent Kingdom,Yaa Gyasi,,9780385695183,paperback,to-read,2020/11/28,,,0,,,,,,,,,,,,,No
War Doctor: Surgery on the Front Line,David Nott,,9781509837021,hardcover,to-read,2025/08/01,,,0,,,,,,,,,,,,,No
We Made a Garden,Margery Fish,,9780375759475,paperback,to-read,2021/03/02,,,0,,,,,,,,,,,,,No
The Magpie Key,Sarah Painter,Kate Rawson (Narrator),9781004115358,audio,to-read,2025/07/29,,,0,,,,,,,,,,,,,No
Sharks in the Time of Saviors,Kawai Strong Washburn,,9780374272081,hardcover,to-read,2020/12/17,,,0,,,,,,,,,,,,,No
"Economics in Two Lessons: Why Markets Work So Well, and Why They Can Fail So Badly",John Quiggin,,9780691154947,hardcover,to-read,2020/04/20,,,0,,,,,,,,,,,,,No
The Pleasure of Finding Things Out: The Best Short Works of Richard P. Feynman,Richard P. Feynman,,9780465023950,paperback,to-read,2016/04/04,,,0,,,,,,,,,,,,,No
The Nature of Technology: What It Is and How It Evolves,W. Brian Arthur,,9781416544050,hardcover,to-read,2016/10/06,,,0,,,,,,,,,,,,,No
The Drunken Botanist: The Plants That Create the World's Great Drinks: 10th Anniversary Edition,Amy Stewart,,9781616200466,hardcover,to-read,2022/12/10,,,0,,,,,,,,,,,,,No
Rhapsody in Green: the Garden Wit and Wisdom of Beverley Nichols,"Beverley Nichols, Roy C. Dicks",,9780881929485,hardcover,to-read,2021/10/17,,,0,,,,,,,,,,,,,No
You're Fifty-Now What?: Investing for the Second Half of Your Life,Charles Schwab,,9780609605622,hardcover,to-read,2020/01/16,,,0,,,,,,,,,,,,,No
At Night All Blood Is Black,David Diop,Anna Moschovakis (Translator),9780374266974,hardcover,to-read,2021/07/09,,,0,,,,,,,,,,,,,No
The Game of Kings,Dorothy Dunnett,,9780679777434,paperback,to-read,2016/04/04,,,0,,,,,,,,,,,,,No
Expats in Spain,Mark Shearman,,,,to-read,2020/01/28,,,0,,,,,,,,,,,,,No
Death of a Red Heroine,Qiu Xiaolong,,9781569472422,paperback,to-read,2016/04/04,,,0,,,,,,,,,,,,,No
I Am the Messenger,Markus Zusak,,9780375830990,hardcover,to-read,2016/04/04,,,0,,,,,,,,,,,,,No
"A Year at Brandywine Cottage: Six Seasons of Beauty, Bounty, and Blooms","David L. Culp, Rob Cardillo",,,,to-read,2020/06/19,,,0,,,,,,,,,,,,,No
Fleishman Is in Trouble,Taffy Brodesser-Akner,,9780525510871,hardcover,to-read,2020/05/07,,,0,,,,,,,,,,,,,No
The Glass Palace,Amitav Ghosh,,9780375758775,paperback,to-read,2020/01/28,,,0,,,,,,,,,,,,,No
Moranthology,Caitlin Moran,,9780091940881,hardcover,to-read,2016/04/04,,,0,,,,,,,,,,,,,No
The Birds of Heaven: Travels with Cranes,Peter Matthiessen,Robert Bateman (Illustrator),9780865476578,paperback,to-read,2021/04/12,,,0,,,,,,,,,,,,,No
"Politics Is for Power: How to Move Beyond Political Hobbyism, Take Action, and Make Real Change",Eitan Hersh,,9781982116781,hardcover,to-read,2023/06/16,,,0,,,,,,,,,,,,,No
Strangers in Paradise: How Families Adapt to Wealth Across Generations,James Grubman,,9780615894355,paperback,to-read,2025/12/31,,,0,,,,,,,,,,,,,No
Missionaries,Phil Klay,,9781984880659,hardcover,to-read,2020/12/17,,,0,,,,,,,,,,,,,No
The Broken Cage,Sarah Painter,Kate Rawson (Narrator),9781004095933,audio,to-read,2025/07/29,,,0,,,,,,,,,,,,,No
Bunch of Amateurs: A Search for the American Character,Jack Hitt,,9780307393753,hardcover,to-read,2021/04/03,,,0,,,,,,,,,,,,,No
Man's Search for Meaning,Viktor E. Frankl,"Harold S. Kushner (Contributor), William J. Winslade (Contributor), Ilse Lasch (Translator)",9780807014295,paperback,to-read,2021/06/19,,,0,,,,,,,,,,,,,No
Down The Kitchen Sink,Beverley Nichols,,9780491015516,hardcover,to-read,2021/10/17,,,0,,,,,,,,,,,,,No
Greeks Bearing Gifts,Philip Kerr,,9780399185212,paperback,to-read,2018/09/26,,,0,,,,,,,,,,,,,No
One Crazy Summer,Rita Williams-Garcia,,9780060760885,hardcover,to-read,2016/10/06,,,0,,,,,,,,,,,,,No
Tokyo Ueno Station,Yu Miri,Morgan Giles (Translator),9781911284161,paperback,to-read,2021/04/04,,,0,,,,,,,,,,,,,No
"The Hidden Life of Trees: What They Feel, How They Communicate",Peter Wohlleben,"Tim Flannery (Contributor), Jane Billinghurst (Translator)",9781771642484,hardcover,to-read,2021/06/18,,,0,,,,,,,,,,,,,No
Anthill,Edward O. Wilson,,9780393071191,hardcover,to-read,2025/12/12,,,0,,,,,,,,,,,,,No
Unbroken Threads,Jennifer Klepper,,,,to-read,2021/06/19,,,0,,,,,,,,,,,,,No
Last Night I Dreamed of Peace: The Diary of Dang Thuy Tram,Đặng Thùy Trâm,Andrew X Pham (Translator),9780307347374,hardcover,to-read,2020/01/28,,,0,,,,,,,,,,,,,No
Warlight,Michael Ondaatje,,9781787330726,paperback,to-read,2018/08/19,,,0,,,,,,,,,,,,,No
Led by the Nose: A Garden of Smells,Jenny Joseph,,9780285636538,hardcover,to-read,2021/10/17,,,0,,,,,,,,,,,,,No
My Own Country: A Doctor's Story,Abraham Verghese,,9780679752929,paperback,to-read,2023/12/02,,,0,,,,,,,,,,,,,No
The Book of Night Women,Marlon James,,9781594488573,hardcover,to-read,2020/05/24,,,0,,,,,,,,,,,,,No
"Do No Harm: Stories of Life, Death and Brain Surgery",Henry Marsh,,9780297869870,hardcover,to-read,2019/11/27,,,0,,,,,,,,,,,,,No
The Getaway,Jim Thompson,,9780316403979,paperback,to-read,2023/03/01,,,0,,,,,,,,,,,,,No
Klara and the Sun,Kazuo Ishiguro,"Peter Bergsma (Translator), Adeline van Lier (Narrator)",9780593318171,hardcover,to-read,2021/03/02,,,0,,,,,,,,,,,,,No
The Road to Tender Hearts,Annie Hartnett,,9780593873441,hardcover,to-read,2025/11/26,,,0,,,,,,,,,,,,,No
Project Hail Mary,Andy Weir,,9780593135204,hardcover,to-read,2021/07/09,,,0,,,,,,,,,,,,,No
Seal Morning,Rowena Farre,Maurice Fleming,9781841586908,paperback,to-read,2017/10/08,,,0,,,,,,,,,,,,,No
Crook Manifesto,Colson Whitehead,,9780385545150,hardcover,to-read,2023/02/21,,,0,,,,,,,,,,,,,No
Mitt engelska hus,Beverley Nichols,,,,to-read,2021/10/17,,,0,,,,,,,,,,,,,No
Lonesome Dove,Larry McMurtry,,9780671683900,paperback,to-read,2020/08/18,,,0,,,,,,,,,,,,,No
There There,Tommy Orange,,9781787300361,paperback,to-read,2019/12/22,,,0,,,,,,,,,,,,,No
Birnam Wood,Eleanor Catton,,9780374110338,hardcover,to-read,2023/07/20,,,0,,,,,,,,,,,,,No
The Greatest Benefit to Mankind: A Medical History of Humanity,Roy Porter,,9780393319804,paperback,to-read,2025/08/01,,,0,,,,,,,,,,,,,No
One Wild Bird At A Time: Portraits of Individual Lives,Bernd Heinrich,Bernd Heinrich (Illustrator),9780544387638,hardcover,to-read,2024/03/04,,,0,,,,,,,,,,,,,No
"Arguing with Zombies: Economics, Politics, and the Fight for a Better Future",Paul Krugman,,9781324005018,hardcover,to-read,2021/05/07,,,0,,,,,,,,,,,,,No
The Lager Queen of Minnesota,J. Ryan Stradal,,9780399563058,hardcover,to-read,2024/08/09,,,0,,,,,,,,,,,,,No
"Pacific Coasting: A Guide to the Ultimate Road Trip, from Southern California to the Pacific Northwest",Danielle Kroll,,9781579658717,hardcover,to-read,2022/02/12,,,0,,,,,,,,,,,,,No
Anxious People,Fredrik Backman,,9781982169633,hardcover,to-read,2021/04/04,,,0,,,,,,,,,,,,,No
Das Lächeln des Tigers : von den letzten Menschenfressern der Welt,David Quammen,,9781844133239,,to-read,2018/09/30,,,0,,,,,,,,,,,,,No
The Shadow Wing,Sarah Painter,,B093LR1SJN,digital,to-read,2025/07/29,,,0,,,,,,,,,,,,,No
Kidnapped,Robert Louis Stevenson,,9780439295789,paperback,to-read,2018/12/22,,,0,,,,,,,,3,,,,,No
Village in a Valley,Beverley Nichols,,,,to-read,2021/10/17,,,0,,,,,,,,,,,,,No
Small Mercies,Dennis Lehane,,9780062129482,hardcover,to-read,2023/07/20,,,0,,,,,,,,,,,,,No
Laughter on the Stairs,Beverley Nichols,,,,to-read,2021/10/17,,,0,,,,,,,,,,,,,No
"An Army at Dawn: The War in North Africa, 1942-1943, Volume One of the Liberation Trilogy",Rick Atkinson,,9780805062885,hardcover,to-read,2026/01/01,,,0,,,,,,,,,,,,,No
How Much of These Hills Is Gold,C Pam Zhang,,9780525537205,hardcover,to-read,2020/12/17,,,0,,,,,,,,,,,,,No
Onions in the Stew,Betty MacDonald,,,audio,to-read,2022/10/03,,,0,,,,,,,,,,,,,No
Factfulness: Ten Reasons We're Wrong About the World – and Why Things Are Better Than You Think,Hans Rosling,"Anna Rosling Rönnlund, Ola Rosling",9781473637467,hardcover,to-read,2020/04/20,,,0,,,,,,,,,,,,,No
The Code: Silicon Valley and the Remaking of America,Margaret O'Mara,,9780399562204,paperback,to-read,2020/05/18,,,0,,,,,,,,,,,,,No
Sidewalks in the Jungle: What It's REALLY Like to Live and Retire in Costa Rica,Alfred Stites,,9781933167336,hardcover,to-read,2021/06/19,,,0,,,,,,,,,,,,,No
Turning Darkness Into Light,Marie Brennan,,9780765377616,hardcover,to-read,2019/07/30,,,0,,,,,,,,,,,,,No
On Mexican Time: A New Life In San Miguel,Tony Cohan,,9780747553656,hardcover,to-read,2022/12/22,,,0,,,,,,,,,,,,,No
Lone Women,Victor LaValle,,9780525512080,hardcover,to-read,2023/05/27,,,0,,,,,,,,,,,,,No
The Goshawk,T.H. White,Marie Winn (Contributor),9781590172490,paperback,to-read,2021/04/12,,,0,,,,,,,,,,,,,No
Encounters with the Archdruid: Narratives about a Conservationist and Three of His Natural Enemies,John McPhee,,9780374514310,paperback,to-read,2025/12/12,,,0,,,,,,,,,,,,,No
The Trees in My Forest,Bernd Heinrich,,9780060174460,hardcover,to-read,2024/03/04,,,0,,,,,,,,,,,,,No
Martyr!,Kaveh Akbar,,9780593537619,hardcover,to-read,2025/11/26,,,0,,,,,,,,,,,,,No
Islands of Abandonment,Cal Flyn,,9780008329761,hardcover,to-read,2022/02/12,,,0,,,,,,,,,,,,,No
Behind the Scenes at the Museum,Kate Atkinson,,9780312150600,paperback,to-read,2021/04/10,,,0,,,,,,,,,,,,,No
The Shock of the New,Robert Hughes,,9780500275825,paperback,to-read,2023/10/29,,,0,,,,,,,,,,,,,No
The Disreputable History of Frankie Landau-Banks,E. Lockhart,,9780786838189,hardcover,to-read,2016/04/04,,,0,,,,,,,,,,,,,No