Title,Authors,Contributors,ISBN/UID,Format,Read Status,Date Added,Last Date Read,Dates Read,Read Count,Moods,Pace,Character- or Plot-Driven?,Strong Character Development?,Loveable Characters?,Diverse Characters?,Flawed Characters?,Star Rating,Review,Content Warnings,Content Warning Description,Tags,Owned?
The Pearl King,Sarah Painter,Kate Rawson (Narrator),9781004022823,audio,read,2025/07/29,"","",1,"",,,,,,,,,"",,"",No
All the Sinners Bleed,S.A. Cosby,"",9781250831910,hardcover,read,2023/07/20,"","",1,"",,,,,,,,,"",,"",No
Full House: The Spread of Excellence from Plato to Darwin,Stephen Jay Gould,"",9780609801406,paperback,to-read,2018/10/20,"","",0,"",,,,,,,,,"",,"",No
Family Trust,Kathy Wang,"",9780062855251,hardcover,read,2020/01/13,"","",1,"",,,,,,,2.0,,"",,"",No
The Orphan Master's Son,Adam Johnson,"",9780812992793,hardcover,read,2020/05/06,"","",1,"",,,,,,,,,"",,"",No
Bodies of Light,Sarah Moss,"",9781847089168,hardcover,to-read,2019/11/27,"","",0,"",,,,,,,,,"",,"",No
Tono-Bungay,H.G. Wells,"Patrick Parrinder, Edward Mendelson","",,to-read,2020/07/15,"","",0,"",,,,,,,,,"",,"",No
A Walk in the Woods: Rediscovering America on the Appalachian Trail,Bill Bryson,"",9780307279460,paperback,read,2016/02/29,"","",1,"",,,,,,,5.0,,"",,"",No
Packing for Mars,Mary Roach,"",9780393339918,paperback,read,2018/12/22,"","",1,"",,,,,,,,,"",,"",No
Flatlands,Sue Hubbard,"",9781911590842,paperback,to-read,2023/09/16,"","",0,"",,,,,,,,,"",,"",No
Secret Water,Arthur Ransome,"",9781567920642,paperback,read,2016/02/29,"","",1,"",,,,,,,5.0,,"",,"",No
Notorious RBG: The Life and Times of Ruth Bader Ginsburg,"Irin Carmon, Shana Knizhnik","",9780062415837,hardcover,to-read,2016/10/06,"","",0,"",,,,,,,,,"",,"",No
Owls of the Eastern Ice: A Quest to Find and Save the World's Largest Owl,Jonathan C. Slaght,"",9780374228484,hardcover,read,2021/04/12,"","",1,"",,,,,,,,,"",,"",No
Macbeth,"David Hewson, A.J. Hartley","",9781612183015,paperback,read,2016/02/29,"","",1,"",,,,,,,4.0,,"",,"",No
The Farfarers: A New History of North America,Farley Mowat,"",9781616082376,paperback,read,2020/01/13,"","",1,"",,,,,,,2.0,,"",,"",No
We Didn't Mean to Go to Sea,Arthur Ransome,"",9780879239916,paperback,read,2016/02/29,"","",1,"",,,,,,,4.0,,"",,"",No
The Axe Factor,Colin Cotterill,"",9781250043368,hardcover,read,2016/02/29,"","",1,"",,,,,,,4.0,,"",,"",No
In a Sunburned Country,Bill Bryson,"",9780767903868,paperback,read,2016/02/29,"","",1,"",,,,,,,5.0,,"",,"",No
The Far Side of the World,Patrick O'Brian,"",9780393308624,paperback,read,2016/02/29,"","",1,"",,,,,,,5.0,,"",,"",No
The Shepherd's Life: A People's History of the Lake District,James Rebanks,"",9780385682848,hardcover,read,2018/10/17,"","",1,"",,,,,,,,,"",,"",No
The Circle,Dave Eggers,"",9780241146484,hardcover,read,2016/02/29,"","",1,"",,,,,,,3.0,,"",,"",No
Garden Open Tomorrow,Beverley Nichols,"",9780881925524,hardcover,to-read,2021/10/17,"","",0,"",,,,,,,,,"",,"",No
Blood of Tyrants,Naomi Novik,"",9780345522894,hardcover,read,2016/02/29,"","",1,"",,,,,,,4.0,,"",,"",No
Such a Fun Age,Kiley Reid,"",9780525541905,hardcover,read,2021/06/19,"","",1,"",,,,,,,,,"",,"",No
The Skull Mantra,Eliot Pattison,"",9780312978341,paperback,to-read,2016/04/04,"","",0,"",,,,,,,,,"",,"",No
A Nail Through the Heart,Timothy Hallinan,"",9780061255809,hardcover,to-read,2016/04/04,"","",0,"",,,,,,,,,"",,"",No
Killshot,Elmore Leonard,"",9780060512248,paperback,to-read,2023/03/01,"","",0,"",,,,,,,,,"",,"",No
I Capture the Castle,Dodie Smith,"",9780312181109,hardcover,read,2019/08/24,"","",1,"",,,,,,,,,"",,"",No
A Sea of Words: A Lexicon and Companion to the Complete Seafaring Tales of Patrick O'Brian,"J. Worth Estes, John B. Hattendorf, Dean King","",9780805066159,paperback,read,2016/04/04,"","",1,"",,,,,,,3.0,,"",,"",No
Autopilot: The Art & Science of Doing Nothing,Andrew Smart,"",9781939293107,paperback,to-read,2020/07/22,"","",0,"",,,,,,,,,"",,"",No
Sailing Alone Around the World,Joshua Slocum,"",9780140437362,paperback,read,2018/12/22,"","",1,"",,,,,,,4.0,,"",,"",No
Other People,Martin Amis,"",9780679735892,paperback,read,2019/08/24,"","",1,"",,,,,,,,,"",,"",No
Destination Saigon,Walter Mason,"",,,to-read,2020/01/28,"","",0,"",,,,,,,,,"",,"",No
Shrines of Gaiety,Kate Atkinson,"",9780385547970,hardcover,read,2022/10/09,"","",1,"",,,,,,,,,"",,"",No
In Praise of Walking: The new science of how we walk and why it's good for us,Shane O'Mara,"",9781847925015,hardcover,to-read,2019/07/28,"","",0,"",,,,,,,,,"",,"",No
The Overstory,Richard Powers,"",9780393356687,paperback,to-read,2021/06/18,"","",0,"",,,,,,,,,"",,"",No
The Gift of a Home,Beverley Nichols,"",9780396068556,hardcover,to-read,2021/10/17,"","",0,"",,,,,,,,,"",,"",No
Five-Carat Soul,James McBride,"",9780735216693,hardcover,to-read,2021/04/10,"","",0,"",,,,,,,,,"",,"",No
Babel,R.F. Kuang,Hi-en Montijn (Translator),9780063021426,hardcover,read,2022/09/07,"","",1,"",,,,,,,,,"",,"",No
American Hippo,Sarah Gailey,"",9781250176424,digital,to-read,2023/11/11,"","",0,"",,,,,,,,,"",,"",No
Fuzz: When Nature Breaks the Law,Mary Roach,"",9781324001935,hardcover,to-read,2022/04/21,"","",0,"",,,,,,,,,"",,"",No
The Death of Expertise: The Campaign Against Established Knowledge and Why It Matters,Tom Nichols,"",9780190469412,hardcover,to-read,2020/09/23,"","",0,"",,,,,,,,,"",,"",No
Blind Man's Bluff: The Untold Story of American Submarine Espionage,"Sherry Sontag, Annette Lawrence Drew, Christopher Drew","",9780060977719,paperback,read,2023/11/24,"","",1,"",,,,,,,,,"",,"",No
Trosečníci z Vlaštovky,Arthur Ransome,"Jan Cerny (Illustrator), Zora Wolfová (Translator), Soňa Nová (Translator)",9780879235727,hardcover,read,2016/02/29,"","",1,"",,,,,,,4.0,,"",,"",No
Alexander Hamilton,Ron Chernow,"",B0BPCLMCPP,digital,read,2019/03/24,"","",1,"",,,,,,,3.0,,"",,"",No
Ink and Bone,Rachel Caine,"",9780698180819,digital,to-read,2024/01/12,"","",0,"",,,,,,,,,"",,"",No
Sharpe's Eagle,Bernard Cornwell,"",9780451212573,paperback,read,2016/04/04,"","",1,"",,,,,,,1.0,,"",,"",No
The Heaven & Earth Grocery Store,James McBride,"",9780593422946,hardcover,read,2023/12/05,"","",1,"",,,,,,,,,"",,"",No
Prussian Blue,Philip Kerr,"",9780399177057,hardcover,to-read,2017/03/30,"","",0,"",,,,,,,,,"",,"",No
Black Powder War,Naomi Novik,"",9780345481306,paperback,read,2016/02/29,"","",1,"",,,,,,,4.0,,"",,"",No
Sunsets and Olives: How NOT to retire early in Southern Spain!,"John Austin Richards, John Austin Richards","",,,to-read,2021/06/19,"","",0,"",,,,,,,,,"",,"",No
The Song of the Dodo: Island Biogeography in an Age of Extinctions,David Quammen,"",9780684827124,paperback,read,2018/09/30,"","",1,"",,,,,,,,,"",,"",No
The King's Coat,Dewey Lambdin,"",9781590137567,paperback,read,2016/04/04,"","",1,"",,,,,,,1.0,,"",,"",No
Manhattan Beach,Jennifer Egan,"",9781476716732,hardcover,read,2017/10/26,"","",1,"",,,,,,,,,"",,"",No
Barcelona,Robert Hughes,"",9780679743835,paperback,read,2020/01/28,"","",1,"",,,,,,,,,"",,"",No
"Other Minds: The Octopus, the Sea, and the Deep Origins of Consciousness",Peter Godfrey-Smith,"",9780374227760,hardcover,to-read,2020/04/20,"","",0,"",,,,,,,,,"",,"",No
Blood Grove,Walter Mosley,"",9780316491181,hardcover,currently-reading,2025/12/12,"","",0,"",,,,,,,,,"",,"",No
America the Beautiful?: One Woman in a Borrowed Prius on the Road Most Traveled,Blythe Roberson,"",9780063115514,paperback,to-read,2023/09/16,"","",0,"",,,,,,,,,"",,"",No
The Poisonwood Bible,Barbara Kingsolver,"",9780060786502,paperback,read,2016/02/29,"","",1,"",,,,,,,5.0,,"",,"",No
Tongues of Serpents,Naomi Novik,"",9780345496898,hardcover,read,2016/02/29,"","",1,"",,,,,,,4.0,,"",,"",No
An American Tragedy,Theodore Dreiser,Richard R. Lingeman,9780451527707,paperback,read,2018/09/26,"","",1,"",,,,,,,3.0,,"",,"",No
The Murmur of Bees,Sofía Segovia,Simon Bruni,9781542090490,digital,to-read,2021/06/18,"","",0,"",,,,,,,,,"",,"",No
My Year of Rest and Relaxation,Ottessa Moshfegh,"",9780525522133,paperback,to-read,2020/08/15,"","",0,"",,,,,,,,,"",,"",No
"Harbors and High Seas: An Atlas and Geographical Guide to the Complete Aubrey-Maturin Novels of Patrick O'Brian, Third Edition","John B. Hattendorf, Dean King","",9780805066142,paperback,read,2016/04/04,"","",1,"",,,,,,,1.0,,"",,"",No
Machinehood,S.B. Divya,"",9781982148065,hardcover,to-read,2021/05/04,"","",0,"",,,,,,,,,"",,"",No
Stumbling on Happiness,Daniel Gilbert,"",9781400077427,paperback,read,2020/01/13,"","",1,"",,,,,,,,,"",,"",No
Shug,Jenny Han,"",9781416909422,hardcover,read,2019/10/20,"","",1,"",,,,,,,1.0,,"",,"",No
"Winter War: Hoover, Roosevelt, and the First Clash Over the New Deal",Eric Rauchway,"",9780465094585,hardcover,to-read,2019/03/24,"","",0,"",,,,,,,,,"",,"",No
The Only Street in Paris: Life on the Rue Des Martyrs,Elaine Sciolino,"",9780393353402,paperback,read,2022/06/01,"","",1,"",,,,,,,,,"",,"",No
Rough Sleepers: Dr. Jim O'Connell's Urgent Mission to Bring Healing to Homeless People,Tracy Kidder,"",9781984801432,hardcover,read,2024/03/30,"","",1,"",,,,,,,,,"",,"",No
"No Picnic on Mount Kenya: A Daring Escape, A Perilous Climb",Felice Benuzzi,"",9781558218765,paperback,read,2018/12/22,"","",1,"",,,,,,,,,"",,"",No
"Lean in: Women, Work, and the Will to Lead",Sheryl Sandberg,"",9780385349949,hardcover,read,2016/02/29,"","",1,"",,,,,,,3.0,,"",,"",No
When You Are Engulfed in Flames,David Sedaris,"",9780316143479,hardcover,read,2025/12/12,"","",1,"",,,,,,,,,"",,"",No
The Eagle of the Ninth,Rosemary Sutcliff,"",9780192750457,paperback,read,2016/02/29,"","",1,"",,,,,,,3.0,,"",,"",No
Great Northern? A Scottish Adventure of Swallows & Amazons,Arthur Ransome,"",9781567922592,paperback,read,2016/02/29,"","",1,"",,,,,,,3.0,,"",,"",No
Bill Bryson's African Diary,Bill Bryson,"",9780767915069,hardcover,read,2016/02/29,"","",1,"",,,,,,,,,"",,"",No
The Truelove,Patrick O'Brian,"",9780393310160,paperback,read,2016/02/29,"","",1,"",,,,,,,5.0,,"",,"",No
The Covenant of Water,Abraham Verghese,"Arjaan van Nimwegen (Translator), Thijs van Nimwegen (Translator)",9780802162175,hardcover,read,2023/05/27,"","",1,"",,,,,,,,,"",,"",No
The Commodore,Patrick O'Brian,"",9780393314595,paperback,read,2016/02/29,"","",1,"",,,,,,,5.0,,"",,"",No
Transcription,Kate Atkinson,"",9780316176668,paperback,read,2019/03/23,"","",1,"",,,,,,,2.0,,"",,"",No
The Grace of Kings,Ken Liu,"",9781481424271,hardcover,read,2016/10/06,"","",1,"",,,,,,,,,"",,"",No
Night Soldiers,Alan Furst,"",9780375760006,paperback,read,2016/02/29,"","",1,"",,,,,,,5.0,,"",,"",No
Sex and Vanity,Kevin Kwan,"",9781786332271,hardcover,to-read,2020/05/27,"","",0,"",,,,,,,,,"",,"",No
High Output Management,Andrew S. Grove,"",9780679762881,paperback,to-read,2020/09/21,"","",0,"",,,,,,,,,"",,"",No
James Herriot's Cat Stories,James Herriot,Lesley Holmes (Illustrator),9781567315158,hardcover,to-read,2017/10/08,"","",0,"",,,,,,,,,"",,"",No
Dress Your Family in Corduroy and Denim,David Sedaris,"",9780965904834,paperback,read,2025/12/12,"","",1,"",,,,,,,,,"",,"",No
Bridge of Clay,Markus Zusak,"",9780385614290,hardcover,read,2018/09/26,"","",1,"",,,,,,,2.0,,"",,"",No
Mr. Midshipman Easy,Captain Frederick Marryat,"",9781404353879,paperback,read,2016/04/04,"","",1,"",,,,,,,4.0,,"",,"",No
The Fifth Risk,Michael Lewis,"",9780393357455,paperback,to-read,2019/12/07,"","",0,"",,,,,,,,,"",,"",No
Pigeon Post,Arthur Ransome,"",9780879238643,paperback,read,2016/02/29,"","",1,"",,,,,,,4.0,,"",,"",No
A Short History of Nearly Everything,Bill Bryson,"",9780767908184,paperback,read,2016/02/29,"","",1,"",,,,,,,5.0,,"",,"",No
William Shakespeare's Get Thee Back to the Future!,Ian Doescher,"",9781683690948,paperback,read,2019/03/27,"","",1,"",,,,,,,,,"",,"",No
The Correspondent,Virginia Evans,"","",hardcover,read,2026/01/03,"","",1,"",,,,,,,,,"",,"",No
Treason's Harbour,Patrick O'Brian,"",9780393308631,paperback,read,2016/02/29,"","",1,"",,,,,,,5.0,,"",,"",No
"The Wager: A Tale of Shipwreck, Mutiny, and Murder",David Grann,"",9780385534260,hardcover,to-read,2023/07/20,"","",0,"",,,,,,,,,"",,"",No
Say Goodbye for Now,Catherine Ryan Hyde,"",9781503994447,digital,to-read,2016/11/25,"","",0,"",,,,,,,,,"",,"",No
Native Son,Richard Wright,"","",digital,read,2018/09/26,"","",1,"",,,,,,,4.0,,"",,"",No
In Praise of Walking: A New Scientific Exploration,Shane O'Mara,"",9780393652086,hardcover,to-read,2020/01/11,"","",0,"",,,,,,,,,"",,"",No
A Most Peculiar Malaysian Murder,Shamini Flint,"",9780749929756,paperback,to-read,2016/04/04,"","",0,"",,,,,,,,,"",,"",No
A Spy Among Friends: Kim Philby and the Great Betrayal,Ben Macintyre,John le Carré (Contributor),9780804136631,hardcover,to-read,2020/10/10,"","",0,"",,,,,,,,,"",,"",No
"Valley of Genius: The Uncensored History of Silicon Valley (as Told by the Hackers, Founders, and Freaks Who Made It Boom)",Adam Fisher,"",9781455559022,hardcover,to-read,2018/08/04,"","",0,"",,,,,,,,,"",,"",No
The Great Good Place,Ray Oldenburg,"",9781569246818,paperback,to-read,2023/04/22,"","",0,"",,,,,,,,,"",,"",No
Thirty-Three Teeth,Colin Cotterill,"",9781569474297,paperback,read,2016/02/29,"","",1,"",,,,,,,5.0,,"",,"",No
Beverley Nichols' Cats' X. Y. Z.,Beverley Nichols,"Derrick Sayer, Juliet Clutton-Brock",9780881925944,hardcover,to-read,2021/10/17,"","",0,"",,,,,,,,,"",,"",No
Captain Blood,Rafael Sabatini,"",9781406800166,paperback,read,2018/12/22,"","",1,"",,,,,,,4.0,,"",,"",No
"The Gift of a Garden, or Some Flowers Remembered",Beverley Nichols,"",9780491003582,hardcover,to-read,2021/10/17,"","",0,"",,,,,,,,,"",,"",No
Protea Book: A Guide to Cultivated Proteaceae,Lewis Matthews,"",9780881925531,paperback,to-read,2022/07/10,"","",0,"",,,,,,,,,"",,"",No
The Fortune of War,Patrick O'Brian,"",9780393308136,paperback,read,2016/02/29,"","",1,"",,,,,,,5.0,,"",,"",No
The Abominable,Dan Simmons,"",9780316198837,hardcover,read,2025/12/27,"","",2,"",,,,,,,,,"",,"",No
Peter Duck: A Treasure Hunt in the Caribbees,Arthur Ransome,"",9780879236601,paperback,read,2016/02/29,"","",1,"",,,,,,,4.0,,"",,"",No
Your Money or Your Life,"Joe Dominguez, Vicki Robin","",9780140286786,paperback,to-read,2021/06/15,"","",0,"",,,,,,,,,"",,"",No
Codename Villanelle,Luke Jennings,"",9780316512527,hardcover,read,2021/08/30,"","",1,"",,,,,,,,,"",,"",No
"Reading the Glass: A Captain's View of Weather, Water, and Life on Ships",Elliot Rappaport,"",9780593185056,hardcover,to-read,2024/04/22,"","",0,"",,,,,,,,,"",,"",No
The Adventures of Augie March,Saul Bellow,Christopher Hitchens (Contributor),9780143039570,paperback,read,2018/09/26,"","",1,"",,,,,,,4.0,,"",,"",No
Mexican Days: Journeys Into the Heart of Mexico,Tony Cohan,"",9780767920919,paperback,to-read,2022/12/22,"","",0,"",,,,,,,,,"",,"",No
Two Years Before the Mast: A Sailor's Life at Sea,Richard Henry Dana Jr.,"",9781402179624,paperback,read,2018/12/22,"","",1,"",,,,,,,5.0,,"",,"",No
The Swimmers,Julie Otsuka,"",9780593321331,hardcover,read,2022/05/03,"","",1,"",,,,,,,,,"",,"",No
Shadowlands: A Journey Through Britain's Lost Cities and Vanished Villages,Matthew Green,"",9780393635348,hardcover,to-read,2023/01/12,"","",0,"",,,,,,,,,"",,"",No
The Egg and I,Betty MacDonald,"",9780704102477,paperback,read,2022/10/03,"","",1,"",,,,,,,4.0,,"",,"",No
Demon Copperhead,Barbara Kingsolver,"",9780063251922,hardcover,read,2022/10/30,"","",1,"",,,,,,,,,"",,"",No
The Final Unfinished Voyage of Jack Aubrey,Patrick O'Brian,Richard Snow,9780393060256,hardcover,read,2016/02/29,"","",1,"",,,,,,,3.0,,"",,"",No
"My Sister, the Serial Killer",Oyinkan Braithwaite,"",9780385544238,hardcover,read,2019/12/24,"","",1,"",,,,,,,,,"",,"",No
Cats' A. B. C,"Juliet Clutton-Brock, Beverley Nichols","",,,to-read,2021/10/17,"","",0,"",,,,,,,,,"",,"",No
Desolation Island,Patrick O'Brian,"",9780393308129,paperback,read,2016/02/29,"","",1,"",,,,,,,5.0,,"",,"",No
Transcendent Kingdom,Yaa Gyasi,"",9780385695183,paperback,to-read,2020/11/28,"","",0,"",,,,,,,,,"",,"",No
Seamanship: A Voyage Along the Wild Coasts of the British Isles,Adam Nicolson,"",9780060753443,paperback,read,2019/01/01,"","",1,"",,,,,,,,,"",,"",No
The Nutmeg of Consolation,Patrick O'Brian,"",9780393309065,paperback,read,2016/02/29,"","",1,"",,,,,,,5.0,,"",,"",No
William Shakespeare's The Jedi Doth Return,Ian Doescher,"",9781594747137,hardcover,read,2016/02/29,"","",1,"",,,,,,,5.0,,"",,"",No
All the Light We Cannot See,Anthony Doerr,"",9781476746586,hardcover,read,2016/02/29,"","",1,"",,,,,,,3.0,,"",,"",No
Mastering Running,Cathy Utzschneider,"",9781450459723,paperback,read,2020/02/16,"","",1,"",,,,,,,,,"",,"",No
War Doctor: Surgery on the Front Line,David Nott,"",9781509837021,hardcover,to-read,2025/08/01,"","",0,"",,,,,,,,,"",,"",No
Empire of Ivory,Naomi Novik,"",9780345496874,paperback,read,2016/02/29,"","",1,"",,,,,,,4.0,,"",,"",No
We Made a Garden,Margery Fish,"",9780375759475,paperback,to-read,2021/03/02,"","",0,"",,,,,,,,,"",,"",No
The Magpie Key,Sarah Painter,Kate Rawson (Narrator),9781004115358,audio,to-read,2025/07/29,"","",0,"",,,,,,,,,"",,"",No
Sharks in the Time of Saviors,Kawai Strong Washburn,"",9780374272081,hardcover,to-read,2020/12/17,"","",0,"",,,,,,,,,"",,"",No
Vulture Peak,John Burdett,"",9780307272676,hardcover,read,2016/02/29,"","",1,"",,,,,,,4.0,,"",,"",No
Lab Girl,Hope Jahren,"",9781101874936,hardcover,read,2016/04/08,"","",1,"",,,,,,,3.0,,"",,"",No
H.M.S. Surprise,Patrick O'Brian,"",9780393307610,paperback,read,2016/02/29,"","",1,"",,,,,,,5.0,,"",,"",No
Cape Horn to Starboard,John Kretschmer,"",9781580801621,paperback,read,2024/04/22,"","",1,"",,,,,,,,,"",,"",No
"Economics in Two Lessons: Why Markets Work So Well, and Why They Can Fail So Badly",John Quiggin,"",9780691154947,hardcover,to-read,2020/04/20,"","",0,"",,,,,,,,,"",,"",No
The Life and Times of the Thunderbolt Kid: A Memoir,Bill Bryson,"",9780767919364,hardcover,read,2016/02/29,"","",1,"",,,,,,,4.0,,"",,"",No
"Grandad, There's A Head On The Beach",Colin Cotterill,"",9780857387080,hardcover,read,2016/02/29,"","",1,"",,,,,,,4.0,,"",,"",No
Wolf Hall,Hilary Mantel,"","",digital,read,2016/02/29,"","",1,"",,,,,,,4.0,,"",,"",No
The Pleasure of Finding Things Out: The Best Short Works of Richard P. Feynman,Richard P. Feynman,"",9780465023950,paperback,to-read,2016/04/04,"","",0,"",,,,,,,,,"",,"",No
Pigeon English,Stephen Kelman,"",9780547500607,hardcover,read,2020/01/18,"","",1,"",,,,,,,,,"",,"",No
The Nature of Technology: What It Is and How It Evolves,W. Brian Arthur,"",9781416544050,hardcover,to-read,2016/10/06,"","",0,"",,,,,,,,,"",,"",No
The Drunken Botanist: The Plants That Create the World's Great Drinks: 10th Anniversary Edition,Amy Stewart,"",9781616200466,hardcover,to-read,2022/12/10,"","",0,"",,,,,,,,,"",,"",No
The Age of Reinvention,Karine Tuil,Sam Taylor (Translator),9781476776347,hardcover,read,2016/02/29,"","",1,"",,,,,,,1.0,,"",,"",No
Under Enemy Colors,Sean Thomas Russell,"",9780399154430,hardcover,read,2016/04/04,"","",1,"",,,,,,,1.0,,"",,"",No
Rhapsody in Green: the Garden Wit and Wisdom of Beverley Nichols,"Beverley Nichols, Roy C. Dicks","",9780881929485,hardcover,to-read,2021/10/17,"","",0,"",,,,,,,,,"",,"",No
His Majesty's Dragon,Naomi Novik,"",9780345481283,paperback,read,2016/02/29,"","",1,"",,,,,,,5.0,,"",,"",No
Angle of Repose,Wallace Stegner,"",9780140169300,paperback,read,2018/09/26,"","",1,"",,,,,,,4.0,,"",,"",No
Pied Piper,Nevil Shute,"",9780345017338,paperback,read,2016/02/29,"","",1,"",,,,,,,5.0,,"",,"",No
The Enigma Game,Elizabeth Wein,"",9781368012584,hardcover,read,2020/04/28,"","",1,"",,,,,,,,,"",,"",No
You're Fifty-Now What?: Investing for the Second Half of Your Life,Charles Schwab,"",9780609605622,hardcover,to-read,2020/01/16,"","",0,"",,,,,,,,,"",,"",No
Hamnet,Maggie O'Farrell,"Lidwien Biekmann (Translator), Willemijn de Vries (Narrator)",9781472223791,hardcover,read,2021/04/04,"","",1,"",,,,,,,5.0,,"",,"",No
At Night All Blood Is Black,David Diop,Anna Moschovakis (Translator),9780374266974,hardcover,to-read,2021/07/09,"","",0,"",,,,,,,,,"",,"",No
The Game of Kings,Dorothy Dunnett,"",9780679777434,paperback,to-read,2016/04/04,"","",0,"",,,,,,,,,"",,"",No
State of Wonder,Ann Patchett,"",9780062049803,hardcover,read,2019/12/22,"","",1,"",,,,,,,,,"",,"",No
Expats in Spain,Mark Shearman,"",,,to-read,2020/01/28,"","",0,"",,,,,,,,,"",,"",No
Death of a Red Heroine,Qiu Xiaolong,"",9781569472422,paperback,to-read,2016/04/04,"","",0,"",,,,,,,,,"",,"",No
Predictably Irrational: The Hidden Forces That Shape Our Decisions,Dan Ariely,"",9780061854545,hardcover,read,2020/04/27,"","",1,"",,,,,,,,,"",,"",No
Blue at the Mizzen,Patrick O'Brian,"",9780393321074,paperback,read,2016/02/29,"","",1,"",,,,,,,5.0,,"",,"",No
I Am the Messenger,Markus Zusak,"",9780375830990,hardcover,to-read,2016/04/04,"","",0,"",,,,,,,,,"",,"",No
The Silent Patient,Alex Michaelides,"",9781250301697,hardcover,read,2019/12/24,"","",1,"",,,,,,,,,"",,"",No
The Smartest Kids in the World: And How They Got That Way,Amanda Ripley,"",9781451654424,paperback,read,2016/02/29,"","",1,"",,,,,,,4.0,,"",,"",No
Garden Open Today,Beverley Nichols,"",9780881925333,hardcover,read,2021/10/17,"","",1,"",,,,,,,,,"",,"",No
The Hundred Days,Patrick O'Brian,"",9780393319798,paperback,read,2016/02/29,"","",1,"",,,,,,,5.0,,"",,"",No
"A Year at Brandywine Cottage: Six Seasons of Beauty, Bounty, and Blooms","David L. Culp, Rob Cardillo","",,,to-read,2020/06/19,"","",0,"",,,,,,,,,"",,"",No
Fleishman Is in Trouble,Taffy Brodesser-Akner,"",9780525510871,hardcover,to-read,2020/05/07,"","",0,"",,,,,,,,,"",,"",No
The Shadow of the Wind,Carlos Ruiz Zafón,Lucia Graves (Translator),9780143034902,paperback,read,2020/01/28,"","",1,"",,,,,,,,,"",,"",No
Dark Star,Alan Furst,"",9780375759994,paperback,read,2016/02/29,"","",1,"",,,,,,,4.0,,"",,"",No
The World at Night,Alan Furst,"",9780375758584,paperback,read,2018/09/26,"","",1,"",,,,,,,4.0,,"",,"",No
Winter Holiday,Arthur Ransome,"",9780879236618,paperback,read,2016/02/29,"","",1,"",,,,,,,5.0,,"",,"",No
"Bruno, Chief of Police",Martin Walker,"",9781847245076,hardcover,read,2022/08/30,"","",1,"",,,,,,,4.0,,"",,"",No
Vesper Flights,Helen MacDonald,"",9780802128812,hardcover,read,2020/07/29,"","",1,"",,,,,,,,,"",,"",No
The Ionian Mission,Patrick O'Brian,"",9780393308211,paperback,read,2016/02/29,"","",1,"",,,,,,,5.0,,"",,"",No
The Glass Palace,Amitav Ghosh,"",9780375758775,paperback,to-read,2020/01/28,"","",0,"",,,,,,,,,"",,"",No
Moranthology,Caitlin Moran,"",9780091940881,hardcover,to-read,2016/04/04,"","",0,"",,,,,,,,,"",,"",No
The Birds of Heaven: Travels with Cranes,Peter Matthiessen,Robert Bateman (Illustrator),9780865476578,paperback,to-read,2021/04/12,"","",0,"",,,,,,,,,"",,"",No
Post Captain,Patrick O'Brian,"",9780393307061,paperback,read,2016/02/29,"","",1,"",,,,,,,5.0,,"",,"",No
The Mother Tongue: English and How It Got That Way,Bill Bryson,"",9780380715435,paperback,read,2016/02/29,"","",1,"",,,,,,,4.0,,"",,"",No
League of Dragons,Naomi Novik,"",9780345522924,hardcover,read,2016/02/29,"","",1,"",,,,,,,4.0,,"",,"",No
Neither Here Nor There: Travels in Europe,Bill Bryson,"",9780380713806,paperback,read,2016/02/29,"","",1,"",,,,,,,4.0,,"",,"",No
"Politics Is for Power: How to Move Beyond Political Hobbyism, Take Action, and Make Real Change",Eitan Hersh,"",9781982116781,hardcover,to-read,2023/06/16,"","",0,"",,,,,,,,,"",,"",No
Talking to Strangers: What We Should Know about the People We Don't Know,Malcolm Gladwell,"",9780316478526,hardcover,read,2020/07/05,"","",1,"",,,,,,,1.0,,"",,"",No
Sea Room: An Island Life in the Hebrides,Adam Nicolson,"",9780865476363,hardcover,read,2019/01/01,"","",1,"",,,,,,,4.0,,"",,"",No
Strangers in Paradise: How Families Adapt to Wealth Across Generations,James Grubman,"",9780615894355,paperback,to-read,2025/12/31,"","",0,"",,,,,,,,,"",,"",No
Captains Courageous,Rudyard Kipling,"",9780543895882,paperback,read,2018/12/22,"","",1,"",,,,,,,5.0,,"",,"",No
"One Summer: America, 1927",Bill Bryson,"",9780767919401,hardcover,read,2016/02/29,"","",1,"",,,,,,,5.0,,"",,"",No
Missionaries,Phil Klay,"",9781984880659,hardcover,to-read,2020/12/17,"","",0,"",,,,,,,,,"",,"",No
Bring Up the Bodies,Hilary Mantel,"","",hardcover,read,2016/02/29,"","",1,"",,,,,,,3.0,,"",,"",No
The Broken Cage,Sarah Painter,Kate Rawson (Narrator),9781004095933,audio,to-read,2025/07/29,"","",0,"",,,,,,,,,"",,"",No
Artemis,Andy Weir,"",9780553448122,hardcover,read,2017/10/26,"","",1,"",,,,,,,,,"",,"",No
The Reverse of the Medal,Patrick O'Brian,"",9780393309607,paperback,read,2016/02/29,"","",1,"",,,,,,,5.0,,"",,"",No
Bunch of Amateurs: A Search for the American Character,Jack Hitt,"",9780307393753,hardcover,to-read,2021/04/03,"","",0,"",,,,,,,,,"",,"",No
Man's Search for Meaning,Viktor E. Frankl,"Harold S. Kushner (Contributor), William J. Winslade (Contributor), Ilse Lasch (Translator)",9780807014295,paperback,to-read,2021/06/19,"","",0,"",,,,,,,,,"",,"",No
Down The Kitchen Sink,Beverley Nichols,"",9780491015516,hardcover,to-read,2021/10/17,"","",0,"",,,,,,,,,"",,"",No
Underland: A Deep Time Journey,Robert Macfarlane,"",9780393358094,paperback,read,2021/06/18,"","",1,"",,,,,,,,,"",,"",No
Greeks Bearing Gifts,Philip Kerr,"",9780399185212,paperback,to-read,2018/09/26,"","",0,"",,,,,,,,,"",,"",No
One Crazy Summer,Rita Williams-Garcia,"",9780060760885,hardcover,to-read,2016/10/06,"","",0,"",,,,,,,,,"",,"",No
Thousand-Mile Song: Whale Music In a Sea of Sound,David Rothenberg,"",9780465071289,hardcover,read,2017/12/17,"","",1,"",,,,,,,,,"",,"",No
Tokyo Ueno Station,Yu Miri,Morgan Giles (Translator),9781911284161,paperback,to-read,2021/04/04,"","",0,"",,,,,,,,,"",,"",No
Victory of Eagles,Naomi Novik,"",9780007256754,paperback,read,2016/02/29,"","",1,"",,,,,,,4.0,,"",,"",No
The Tangled Tree: A Radical New History of Life,David Quammen,"",9781476776620,hardcover,read,2018/09/02,"","",1,"",,,,,,,,,"",,"",No
Bangkok Tattoo,John Burdett,"",9781400032914,paperback,read,2016/02/29,"","",1,"",,,,,,,4.0,,"",,"",No
Master and Commander,Patrick O'Brian,"",9780393307054,paperback,read,2016/02/29,"","",1,"",,,,,,,5.0,,"",,"",No
Notes from a Small Island,Bill Bryson,"",9780380727506,paperback,read,2016/02/29,"","",1,"",,,,,,,5.0,,"",,"",No
"Following Atticus: Forty-Eight High Peaks, One Little Dog, and an Extraordinary Friendship",Tom Ryan,"",9780061997105,hardcover,read,2024/04/07,"","",1,"",,,,,,,,,"",,"",No
Oracle Bones: A Journey Between China's Past and Present,Peter Hessler,"",9780060826581,hardcover,read,2016/02/29,"","",1,"",,,,,,,4.0,,"",,"",No
How to Do Nothing: Resisting the Attention Economy,Jenny Odell,"",9781612197494,hardcover,read,2022/02/12,"","",1,"",,,,,,,,,"",,"",No
The House in the Cerulean Sea,TJ Klune,"",9781250217325,digital,read,2025/08/12,"","",1,"",,"","","","","",1.0,"","","","",No
Merry Hall,"Beverley Nichols, William McLaren","",,hardcover,read,2021/10/17,"","",1,"",,,,,,,5.0,,"",,"",No
"The Hidden Life of Trees: What They Feel, How They Communicate",Peter Wohlleben,"Tim Flannery (Contributor), Jane Billinghurst (Translator)",9781771642484,hardcover,to-read,2021/06/18,"","",0,"",,,,,,,,,"",,"",No
Anthill,Edward O. Wilson,"",9780393071191,hardcover,to-read,2025/12/12,"","",0,"",,,,,,,,,"",,"",No
The Martian,Andy Weir,"",9780804139021,hardcover,read,2016/02/29,"","",1,"",,,,,,,5.0,,"",,"",No
Me Talk Pretty One Day,David Sedaris,"",9780349113913,paperback,read,2025/12/12,"","",1,"",,,,,,,,,"",,"",No
Unbroken Threads,Jennifer Klepper,"",,,to-read,2021/06/19,"","",0,"",,,,,,,,,"",,"",No
Last Night I Dreamed of Peace: The Diary of Dang Thuy Tram,Đặng Thùy Trâm,Andrew X Pham (Translator),9780307347374,hardcover,to-read,2020/01/28,"","",0,"",,,,,,,,,"",,"",No
Crucible of Gold,Naomi Novik,"",9780345522863,hardcover,read,2016/02/29,"","",1,"",,,,,,,4.0,,"",,"",No
Disco for the Departed,Colin Cotterill,"",9781455118939,audio,read,2016/02/29,"","",1,"",,,,,,,4.0,,"",,"",No
Komentajakapteeni Hornblower,C.S. Forester,J.A. Hollo (Translator),9780316288934,hardcover,read,2018/12/22,"","",1,"",,,,,,,4.0,,"",,"",No
Modern Romance,Aziz Ansari,Eric Klinenberg,9781594206276,hardcover,read,2016/02/29,"","",1,"",,,,,,,3.0,,"",,"",No
Owls of the Eastern Ice: A Quest to Find and Save the World's Largest Owl,Jonathan C. Slaght,"",9781250798718,paperback,read,2021/05/11,"","",1,"",,,,,,,5.0,,"",,"",No
Warlight,Michael Ondaatje,"",9781787330726,paperback,to-read,2018/08/19,"","",0,"",,,,,,,,,"",,"",No
Led by the Nose: A Garden of Smells,Jenny Joseph,"",9780285636538,hardcover,to-read,2021/10/17,"","",0,"",,,,,,,,,"",,"",No
SantaLand Diaries,David Sedaris,"",9780349119755,paperback,read,2025/12/12,"","",1,"",,,,,,,,,"",,"",No
Interior Chinatown,Charles Yu,"",9780307907196,hardcover,read,2024/01/12,"","",1,"",,,,,,,,,"",,"",No
The Ballad of Songbirds and Snakes,Suzanne Collins,"",9781546171898,paperback,read,2020/05/19,"","",1,"",,,,,,,,,"",,"",No
The Body: A Guide for Occupants,Bill Bryson,"",9780385539302,hardcover,read,2019/09/24,"","",1,"",,,,,,,,,"",,"",No
My Own Country: A Doctor's Story,Abraham Verghese,"",9780679752929,paperback,to-read,2023/12/02,"","",0,"",,,,,,,,,"",,"",No
The Book of Night Women,Marlon James,"",9781594488573,hardcover,to-read,2020/05/24,"","",0,"",,,,,,,,,"",,"",No
The Night Raven,Sarah Painter,Kate Rawson (Narrator),9781528875486,audio,read,2024/01/12,"","",1,"",,,,,,,,,"",,"",No
"Do No Harm: Stories of Life, Death and Brain Surgery",Henry Marsh,"",9780297869870,hardcover,to-read,2019/11/27,"","",0,"",,,,,,,,,"",,"",No
The Getaway,Jim Thompson,"",9780316403979,paperback,to-read,2023/03/01,"","",0,"",,,,,,,,,"",,"",No
Klara and the Sun,Kazuo Ishiguro,"Peter Bergsma (Translator), Adeline van Lier (Narrator)",9780593318171,hardcover,to-read,2021/03/02,"","",0,"",,,,,,,,,"",,"",No
"Dear Girls: Intimate Tales, Untold Secrets, & Advice for Living Your Best Life",Ali Wong,"",9780525508830,hardcover,read,2019/11/06,"","",1,"",,,,,,,,,"",,"",No
The Psychology of Money,Morgan Housel,"",B084HJSJJ2,digital,read,2025/11/27,"","",1,"",,,,,,,,,"",,"",No
The Road to Tender Hearts,Annie Hartnett,"",9780593873441,hardcover,to-read,2025/11/26,"","",0,"",,,,,,,,,"",,"",No
Project Hail Mary,Andy Weir,"",9780593135204,hardcover,to-read,2021/07/09,"","",0,"",,,,,,,,,"",,"",No
Seal Morning,Rowena Farre,Maurice Fleming,9781841586908,paperback,to-read,2017/10/08,"","",0,"",,,,,,,,,"",,"",No
When Will There Be Good News?,Kate Atkinson,"",9780316154857,hardcover,read,2025/10/12,"","",1,"",,"","","","","",4.0,"","","","",No
Coming Into the Country,John McPhee,"",9780374522872,paperback,currently-reading,2025/12/16,"","",0,"",,,,,,,,,"",,"",No
Ivory: Power and Poaching in Africa,Keith Somerville,"",,,read,2018/12/16,"","",1,"",,,,,,,2.0,,"",,"",No
The Mauritius Command,Patrick O'Brian,"",9780393307627,paperback,read,2016/02/29,"","",1,"",,,,,,,5.0,,"",,"",No
Rosewater,Tade Thompson,"",9780316449052,paperback,read,2018/09/05,"","",1,"",,,,,,,,,"",,"",No
Missee Lee,Arthur Ransome,"",9781455857395,audio,read,2016/02/29,"","",1,"",,,,,,,4.0,,"",,"",No
Crook Manifesto,Colson Whitehead,"",9780385545150,hardcover,to-read,2023/02/21,"","",0,"",,,,,,,,,"",,"",No
Mitt engelska hus,Beverley Nichols,"","",,to-read,2021/10/17,"","",0,"",,,,,,,,,"",,"",No
Lonesome Dove,Larry McMurtry,"",9780671683900,paperback,to-read,2020/08/18,"","",0,"",,,,,,,,,"",,"",No
The Thirteen Gun Salute,Patrick O'Brian,"",9780393309072,paperback,read,2016/02/29,"","",1,"",,,,,,,5.0,,"",,"",No
There There,Tommy Orange,"",9781787300361,paperback,to-read,2019/12/22,"","",0,"",,,,,,,,,"",,"",No
Beat to Quarters,C.S. Forester,"",9780316289320,paperback,read,2016/04/04,"","",1,"",,,,,,,4.0,,"",,"",No
Birnam Wood,Eleanor Catton,"",9780374110338,hardcover,to-read,2023/07/20,"","",0,"",,,,,,,,,"",,"",No
Throne of Jade,Naomi Novik,"",9780345481290,paperback,read,2016/02/29,"","",1,"",,,,,,,4.0,,"",,"",No
The Greatest Benefit to Mankind: A Medical History of Humanity,Roy Porter,"",9780393319804,paperback,to-read,2025/08/01,"","",0,"",,,,,,,,,"",,"",No
The Golden Ocean,Patrick O'Brian,"",9780393315370,paperback,read,2016/02/29,"","",1,"",,,,,,,4.0,,"",,"",No
James Herriot's Yorkshire,James Herriot,"",9780553204964,paperback,read,2017/10/08,"","",1,"",,,,,,,,,"",,"",No
One Wild Bird At A Time: Portraits of Individual Lives,Bernd Heinrich,Bernd Heinrich (Illustrator),9780544387638,hardcover,to-read,2024/03/04,"","",0,"",,,,,,,,,"",,"",No
The Surgeon's Mate,Patrick O'Brian,"",9780393308204,paperback,read,2016/02/29,"","",1,"",,,,,,,5.0,,"",,"",No
Kydd,Julian Stockwin,"",0743214595,paperback,read,2016/04/04,"","",1,"",,,,,,,1.0,,"",,"",No
The Copper Heart,Sarah Painter,"",1230004366584,digital,read,2025/07/29,"","",1,"",,,,,,,,,"",,"",No
Richard Bolitho — Midshipman,Alexander Kent,Douglas Reeman,9780099152002,paperback,read,2016/04/04,"","",1,"",,,,,,,1.0,,"",,"",No
The Fox's Curse,Sarah Painter,"",B07ZBYZRBK,digital,read,2025/07/29,"","",1,"",,,,,,,,,"",,"",No
The Bounty Mutiny,"William Bligh, Edward Christian","",9780140439168,paperback,read,2018/12/22,"","",1,"",,,,,,,3.0,,"",,"",No
"Arguing with Zombies: Economics, Politics, and the Fight for a Better Future",Paul Krugman,"",9781324005018,hardcover,to-read,2021/05/07,"","",0,"",,,,,,,,,"",,"",No
The Lager Queen of Minnesota,J. Ryan Stradal,"",9780399563058,hardcover,to-read,2024/08/09,"","",0,"",,,,,,,,,"",,"",No
The Wine-Dark Sea,Patrick O'Brian,"",9780393312447,paperback,read,2016/02/29,"","",1,"",,,,,,,5.0,,"",,"",No
"Pacific Coasting: A Guide to the Ultimate Road Trip, from Southern California to the Pacific Northwest",Danielle Kroll,"",9781579658717,hardcover,to-read,2022/02/12,"","",0,"",,,,,,,,,"",,"",No
Anxious People,Fredrik Backman,"",9781982169633,hardcover,to-read,2021/04/04,"","",0,"",,,,,,,,,"",,"",No
Das Lächeln des Tigers : von den letzten Menschenfressern der Welt,David Quammen,"",9781844133239,,to-read,2018/09/30,"","",0,"",,,,,,,,,"",,"",No
The Shadow Wing,Sarah Painter,"",B093LR1SJN,digital,to-read,2025/07/29,"","",0,"",,,,,,,,,"",,"",No
The Big Six,Arthur Ransome,"",9781567921199,paperback,read,2016/02/29,"","",1,"",,,,,,,4.0,,"",,"",No
The 4-Hour Workweek,Timothy Ferriss,"",9780307353139,hardcover,read,2021/07/10,"","",1,"",,,,,,,,,"",,"",No
Startup,Doree Shafrir,"",9780316360388,hardcover,read,2017/03/30,"","",1,"",,,,,,,,,"",,"",No
Kidnapped,Robert Louis Stevenson,"",9780439295789,paperback,to-read,2018/12/22,"","",0,"",,,,,,,3.0,,"",,"",No
Village in a Valley,Beverley Nichols,"",,,to-read,2021/10/17,"","",0,"",,,,,,,,,"",,"",No
Bangkok 8,John Burdett,"",9781400032907,paperback,read,2016/02/29,"","",1,"",,,,,,,5.0,,"",,"",No
James,Percival Everett,"",9780385550369,hardcover,read,2024/07/27,"","",1,"",,,,,,,,,"",,"",No
Swallows and Amazons,Arthur Ransome,"",9780879235734,paperback,read,2016/02/29,"","",1,"",,,,,,,5.0,,"",,"",No
Upright Women Wanted,Sarah Gailey,"",9781250213587,hardcover,read,2025/08/07,"","",1,"",,,,,,,,,"",,"",No
At Home: A Short History of Private Life,Bill Bryson,"",9780767919388,hardcover,read,2016/02/29,"","",1,"",,,,,,,4.0,,"",,"",No
Zero to One,Peter Thiel,Blake Masters,9780804139298,hardcover,read,2016/02/29,"","",1,"",,,,,,,3.0,,"",,"",No
The Book Thief,Markus Zusak,"",9781448195473,digital,read,2016/02/29,"","",1,"",,,,,,,5.0,,"",,"",No
"Follow the Angels, Follow the Doves: The Bass Reeves Trilogy, Book One",Sidney Thompson,"",9781496218759,paperback,read,2023/11/05,"","",1,"",,,,,,,,,"",,"",No
Small Mercies,Dennis Lehane,"",9780062129482,hardcover,to-read,2023/07/20,"","",0,"",,,,,,,,,"",,"",No
The Silver Mark,Sarah Painter,"",B07S2NKQLD,digital,read,2025/07/29,"","",1,"",,,,,,,,,"",,"",No
Success,Martin Amis,"",9780679734482,paperback,read,2019/08/24,"","",1,"",,,,,,,,,"",,"",No
Ramage,Dudley Pope,"",9780935526769,paperback,read,2016/04/04,"","",1,"",,,,,,,1.0,,"",,"",No
March Violets,Philip Kerr,"",9780142004142,paperback,read,2016/02/29,"","",1,"",,,,,,,4.0,,"",,"",No
Machines Like Me,Ian McEwan,"",9781787331679,paperback,read,2019/04/11,"","",1,"",,,,,,,,,"",,"",No
Coot Club,Arthur Ransome,"",9780879237875,paperback,read,2016/02/29,"","",1,"",,,,,,,5.0,,"",,"",No
Requiem for a Wren,Nevil Shute,"",9781842322864,paperback,read,2016/02/29,"","",1,"",,,,,,,4.0,,"",,"",No
Squirrel Seeks Chipmunk,David Sedaris,Ian Falconer (Illustrator),9780316038393,hardcover,currently-reading,2025/12/12,"","",0,"",,,,,,,,,"",,"",No
Laughter on the Stairs,Beverley Nichols,"",,,to-read,2021/10/17,"","",0,"",,,,,,,,,"",,"",No
"An Army at Dawn: The War in North Africa, 1942-1943, Volume One of the Liberation Trilogy",Rick Atkinson,"",9780805062885,hardcover,to-read,2026/01/01,"","",0,"",,,,,,,,,"",,"",No
How Much of These Hills Is Gold,C Pam Zhang,"",9780525537205,hardcover,to-read,2020/12/17,"","",0,"",,,,,,,,,"",,"",No
Down the Garden Path,Beverley Nichols,"",9780881927108,hardcover,read,2021/10/17,"","",1,"",,,,,,,5.0,,"",,"",No
Onions in the Stew,Betty MacDonald,"","",audio,to-read,2022/10/03,"","",0,"",,,,,,,,,"",,"",No
Killed at the Whim of a Hat,Colin Cotterill,"",9780312564537,hardcover,read,2016/02/29,"","",1,"",,,,,,,4.0,,"",,"",No
Factfulness: Ten Reasons We're Wrong About the World – and Why Things Are Better Than You Think,Hans Rosling,"Anna Rosling Rönnlund, Ola Rosling",9781473637467,hardcover,to-read,2020/04/20,"","",0,"",,,,,,,,,"",,"",No
The Code: Silicon Valley and the Remaking of America,Margaret O'Mara,"",9780399562204,paperback,to-read,2020/05/18,"","",0,"",,,,,,,,,"",,"",No
How To Be a Woman,Caitlin Moran,"",9780091940737,paperback,read,2016/04/04,"","",1,"",,,,,,,4.0,,"",,"",No
An Anonymous Girl,"Greer Hendricks, Sarah Pekkanen","",9781250133731,hardcover,read,2019/12/24,"","",1,"",,,,,,,,,"",,"",No
Code Name Verity,Elizabeth Wein,"",9781405258210,paperback,read,2018/09/26,"","",1,"",,,,,,,5.0,,"",,"",No
Bangkok Haunts,John Burdett,"",9780307263186,hardcover,read,2016/02/29,"","",1,"",,,,,,,4.0,,"",,"",No
Why We Sleep: Unlocking the Power of Sleep and Dreams,Matthew Walker,Steve West (Narrator),9781508240020,audio,read,2019/10/02,"","",1,"",,,,,,,,,"",,"",No
The Curious Charms of Arthur Pepper,Phaedra Patrick,"",9780778319337,hardcover,read,2024/01/12,"","",1,"",,,,,,,,,"",,"",No
I'm a Stranger Here Myself: Notes on Returning to America After 20 Years Away,Bill Bryson,"",9780767903820,paperback,read,2016/02/29,"","",1,"",,,,,,,4.0,,"",,"",No
The Letter of Marque,Patrick O'Brian,"",9780393309058,paperback,read,2016/02/29,"","",1,"",,,,,,,5.0,,"",,"",No
Beloved,Toni Morrison,Honorée Fanonne Jeffers (Contributor),9781400033416,paperback,read,2018/09/26,"","",1,"",,,,,,,5.0,,"",,"",No
Sidewalks in the Jungle: What It's REALLY Like to Live and Retire in Costa Rica,Alfred Stites,"",9781933167336,hardcover,to-read,2021/06/19,"","",0,"",,,,,,,,,"",,"",No
Searching for Sylvie Lee,Jean Kwok,"",9780062834300,hardcover,read,2019/12/24,"","",1,"",,,,,,,,,"",,"",No
Turning Darkness Into Light,Marie Brennan,"",9780765377616,hardcover,to-read,2019/07/30,"","",0,"",,,,,,,,,"",,"",No
On Mexican Time: A New Life In San Miguel,Tony Cohan,"",9780747553656,hardcover,to-read,2022/12/22,"","",0,"",,,,,,,,,"",,"",No
Transcription,Kate Atkinson,"",9780316176637,hardcover,read,2018/08/28,"","",1,"",,,,,,,,,"",,"",No
Lone Women,Victor LaValle,"",9780525512080,hardcover,to-read,2023/05/27,"","",0,"",,,,,,,,,"",,"",No
The Natural History of Selborne,Gilbert White,Richard Mabey,9780140431124,paperback,read,2020/02/16,"","",1,"",,,,,,,,,"",,"",No
The Goshawk,T.H. White,Marie Winn (Contributor),9781590172490,paperback,to-read,2021/04/12,"","",0,"",,,,,,,,,"",,"",No
Within the Sanctuary of Wings,Marie Brennan,"",9780765377654,hardcover,read,2017/03/30,"","",1,"",,,,,,,,,"",,"",No
A Natural History of Dragons,Marie Brennan,"",9780765331960,hardcover,read,2016/04/04,"","",1,"",,,,,,,4.0,,"",,"",No
Encounters with the Archdruid: Narratives about a Conservationist and Three of His Natural Enemies,John McPhee,"",9780374514310,paperback,to-read,2025/12/12,"","",0,"",,,,,,,,,"",,"",No
On the Beach,Nevil Shute,"",9780099530251,paperback,read,2016/02/29,"","",1,"",,,,,,,4.0,,"",,"",No
Sunlight On The Lawn,"Bryan Connon, Beverley Nichols","",9780881924671,hardcover,read,2021/10/17,"","",1,"",,,,,,,5.0,,"",,"",No
The Yellow Admiral,Patrick O'Brian,"",9780393317046,paperback,read,2016/02/29,"","",1,"",,,,,,,5.0,,"",,"",No
The Trees in My Forest,Bernd Heinrich,"",9780060174460,hardcover,to-read,2024/03/04,"","",0,"",,,,,,,,,"",,"",No
The Coroner's Lunch,Colin Cotterill,"",9781569474181,paperback,read,2016/02/29,"","",1,"",,,,,,,5.0,,"",,"",No
Martyr!,Kaveh Akbar,"",9780593537619,hardcover,to-read,2025/11/26,"","",0,"",,,,,,,,,"",,"",No
Disorientation,Elaine Hsieh Chou,"",9780593298350,hardcover,read,2022/02/22,"","",1,"",,,,,,,,,"",,"",No
Islands of Abandonment,Cal Flyn,"",9780008329761,hardcover,to-read,2022/02/12,"","",0,"",,,,,,,,,"",,"",No
The Life and Times of Horatio Hornblower: A Biography of C.S. Forester's Famous Naval Hero,C. Northcote Parkinson,"",9781590130650,paperback,read,2018/09/26,"","",1,"",,,,,,,,,"",,"",No
Behind the Scenes at the Museum,Kate Atkinson,"",9780312150600,paperback,to-read,2021/04/10,"","",0,"",,,,,,,,,"",,"",No
Trustee from the Toolroom,Nevil Shute,"",9781842323014,paperback,read,2016/02/29,"","",1,"",,,,,,,5.0,,"",,"",No
The Shock of the New,Robert Hughes,"",9780500275825,paperback,to-read,2023/10/29,"","",0,"",,,,,,,,,"",,"",No
Killers of a Certain Age,Deanna Raybourn,"Jane Oppenheimer (Narrator), Christina Delaine (Narrator)",9780593626276,audio,read,2023/09/16,"","",1,"",,,,,,,,,"",,"",No
The People in the Trees,Hanya Yanagihara,"",9780385536776,hardcover,read,2018/10/07,"","",1,"",,,,,,,,,"",,"",No
Black Death at the Golden Gate: The Race to Save America from the Bubonic Plague,David K. Randall,"",9780393609455,hardcover,read,2025/08/01,"","",1,"",,,,,,,,,"",,"",No
Mutiny on the Bounty,"Charles Nordhoff, James Norman Hall","",9780316611688,paperback,read,2018/12/22,"","",1,"",,,,,,,3.0,,"",,"",No
Gain,Richard Powers,"",9780099284468,paperback,read,2025/12/12,"","",1,"",,,,,,,,,"",,"",No
"The Coming Wave: Technology, Power, and the Twenty-first Century's Greatest Dilemma","Michael Bhaskar, Mustafa Suleyman","",9780593593950,hardcover,read,2023/10/20,"","",1,"",,,,,,,,,"",,"",No
The Disreputable History of Frankie Landau-Banks,E. Lockhart,"",9780786838189,hardcover,to-read,2016/04/04,"","",0,"",,,,,,,,,"",,"",No
